Date,ETH,BTC,BIV,BSV,VB,VV,VXUS
10/14/2016,11.92,638.03,86.76,80.48,118.82,97.59,46.15
10/15/2016,11.95,638.16,N/A,N/A,N/A,N/A,N/A
10/16/2016,11.95,641.92,N/A,N/A,N/A,N/A,N/A
10/17/2016,11.96,639.56,86.94,80.6,118.61,97.3,46.06
10/18/2016,12.54,635.11,87.09,80.62,119.3,97.89,46.61
10/19/2016,12.01,629.79,87.17,80.62,119.81,98.13,46.77
10/20/2016,12.06,628.05,87.06,80.6,119.43,98.04,46.75
10/21/2016,12.05,630.83,87.13,80.6,119.28,97.99,46.69
10/22/2016,12.03,652.75,N/A,N/A,N/A,N/A,N/A
10/23/2016,11.94,651.04,N/A,N/A,N/A,N/A,N/A
10/24/2016,11.92,649.98,86.99,80.58,119.85,98.47,46.74
10/25/2016,11.33,654.3,86.98,80.54,118.87,98.12,46.69
10/26/2016,11.49,674,86.81,80.55,118.08,97.91,46.43
10/27/2016,11.48,691.21,86.61,80.47,116.76,97.64,46.32
10/28/2016,11.13,689.95,86.55,80.51,116.68,97.3,46.27
10/29/2016,10.47,714.28,N/A,N/A,N/A,N/A,N/A
10/30/2016,11.19,697.41,N/A,N/A,N/A,N/A,N/A
10/31/2016,10.98,696.9,86.65,80.52,117.22,97.36,46.31
11/1/2016,10.84,730.7,86.41,80.44,115.88,96.68,46.13
11/2/2016,10.83,744.6,86.64,80.48,114.58,96.04,45.74
11/3/2016,10.87,690,86.58,80.57,114.17,95.63,45.7
11/4/2016,11.15,706.32,86.72,80.62,114.59,95.54,45.26
11/5/2016,11.16,706.99,N/A,N/A,N/A,N/A,N/A
11/6/2016,11.01,717.02,N/A,N/A,N/A,N/A,N/A
11/7/2016,10.93,706.42,86.51,80.54,117.1,97.59,46.12
11/8/2016,10.84,711.15,86.29,80.44,117.42,98.08,46.27
11/9/2016,10.62,720.97,85.27,80.18,120.04,99.15,45.96
11/10/2016,10.51,712.91,84.94,80.09,120.9,99.31,45.66
11/11/2016,10.29,716.9,84.75,80.1,122.64,99.2,45.19
11/12/2016,9.95,704.53,N/A,N/A,N/A,N/A,N/A
11/13/2016,10.14,704.01,N/A,N/A,N/A,N/A,N/A
11/14/2016,10.02,708.32,84.3,79.92,124.52,99.21,44.91
11/15/2016,10.27,712.29,84.41,79.91,125.1,99.97,45.35
11/16/2016,10,739.85,84.42,79.89,124.99,99.87,44.88
11/17/2016,9.91,730.71,84.1,79.78,125.66,100.36,45.16
11/18/2016,9.51,748.54,83.78,79.69,125.78,100.13,44.78
11/19/2016,9.68,750.77,N/A,N/A,N/A,N/A,N/A
11/20/2016,9.6,731.99,N/A,N/A,N/A,N/A,N/A
11/21/2016,9.54,736.4,83.79,79.71,126.62,100.89,45.18
11/22/2016,9.87,746.66,83.9,79.73,127.56,101.09,45.4
11/23/2016,9.8,741.52,83.59,79.62,128.27,101.15,45.19
11/24/2016,9.18,737.99,N/A,N/A,N/A,N/A,N/A
11/25/2016,9.4,739.74,83.61,79.63,128.7,101.52,45.37
11/26/2016,9.33,735.7,N/A,N/A,N/A,N/A,N/A
11/27/2016,8.98,729.24,N/A,N/A,N/A,N/A,N/A
11/28/2016,8.67,729.77,83.9,79.68,127.42,101.07,45.2
11/29/2016,8.14,732.37,83.98,79.7,127.46,101.22,45.42
11/30/2016,8.61,742.69,83.62,79.61,127.26,100.97,45.38
12/1/2016,8.45,754,83.08,79.44,126.71,100.58,45.26
12/2/2016,7.73,769.25,83.41,79.53,126.87,100.58,45.38
12/3/2016,7.86,766.98,N/A,N/A,N/A,N/A,N/A
12/4/2016,7.37,767.99,N/A,N/A,N/A,N/A,N/A
12/5/2016,6.75,752,83.41,79.52,128.53,101.21,45.74
12/6/2016,7.83,759.8,83.5,79.58,129.81,101.58,45.98
12/7/2016,8.35,764.34,83.82,79.66,131.11,102.89,46.64
12/8/2016,8.2,767.89,83.53,79.6,132.66,103.17,46.67
12/9/2016,8.47,773.22,83.26,79.57,132.57,103.72,46.81
12/10/2016,8.14,775.87,N/A,N/A,N/A,N/A,N/A
12/11/2016,8.23,771.05,N/A,N/A,N/A,N/A,N/A
12/12/2016,8.5,778.94,83.26,79.57,131.38,103.6,46.54
12/13/2016,8.41,776.18,83.28,79.51,131.55,104.28,47
12/14/2016,8.24,777.66,82.71,79.27,129.77,103.47,46.15
12/15/2016,7.83,776.16,82.43,79.22,130.46,103.85,46.12
12/16/2016,7.84,780.98,82.48,79.24,130.26,103.67,46.03
12/17/2016,7.85,788.57,N/A,N/A,N/A,N/A,N/A
12/18/2016,7.92,790.72,N/A,N/A,N/A,N/A,N/A
12/19/2016,7.64,790.81,82.86,79.33,131.09,103.89,45.98
12/20/2016,7.64,798.99,82.69,79.34,131.94,104.26,45.73
12/21/2016,7.91,834.5,82.87,79.37,131.32,104.04,45.66
12/22/2016,7.55,856.02,82.37,79.22,129.56,103.24,45.44
12/23/2016,7.13,917.26,82.45,79.25,130.12,103.39,45.57
12/24/2016,7.22,891.5,N/A,N/A,N/A,N/A,N/A
12/25/2016,7.19,896.12,N/A,N/A,N/A,N/A,N/A
12/26/2016,7.26,902.09,N/A,N/A,N/A,N/A,N/A
12/27/2016,7.16,925.2,82.25,79.23,130.59,103.6,45.58
12/28/2016,7.62,982.17,82.54,79.29,129.13,102.75,45.55
12/29/2016,8.29,970.72,82.8,79.44,129.47,102.77,45.8
12/30/2016,8.21,960.81,83.07,79.45,128.96,102.37,45.88
12/31/2016,8.16,973.37,N/A,N/A,N/A,N/A,N/A
1/1/2017,8.18,992.95,N/A,N/A,N/A,N/A,N/A
1/2/2017,8.38,1011.45,N/A,N/A,N/A,N/A,N/A
1/3/2017,9.59,1020.67,83.01,79.46,129.71,103.09,46.21
1/4/2017,11.17,1130.3,83.09,79.46,131.88,103.8,46.72
1/5/2017,10.23,1007,83.48,79.58,130.83,103.74,47.07
1/6/2017,10.14,895.71,83.2,79.49,130.65,104.13,46.97
1/7/2017,9.92,909,N/A,N/A,N/A,N/A,N/A
1/8/2017,10.5,923.33,N/A,N/A,N/A,N/A,N/A
1/9/2017,10.39,902.66,83.41,79.58,129.87,103.78,46.88
1/10/2017,10.63,907,83.43,79.55,130.82,103.83,46.96
1/11/2017,9.95,795.77,83.48,79.59,131.19,104.09,47.31
1/12/2017,9.8,812.25,83.52,79.63,130.48,103.86,47.38
1/13/2017,9.84,831.42,83.38,79.6,131.3,104.05,47.52
1/14/2017,9.86,828,N/A,N/A,N/A,N/A,N/A
1/15/2017,9.9,833.31,N/A,N/A,N/A,N/A,N/A
1/16/2017,9.66,834.41,N/A,N/A,N/A,N/A,N/A
1/17/2017,10.34,906,83.76,79.73,129.94,103.74,47.4
1/18/2017,10.23,887.99,83.26,79.56,130.52,103.91,47.15
1/19/2017,10.42,902.92,83.04,79.49,129.55,103.62,47.11
1/20/2017,10.62,894.31,83.16,79.58,130.17,103.92,47.3
1/21/2017,10.93,925.06,N/A,N/A,N/A,N/A,N/A
1/22/2017,10.77,931.22,N/A,N/A,N/A,N/A,N/A
1/23/2017,10.8,910.7,83.45,79.71,129.75,103.68,47.52
1/24/2017,10.57,887,83.23,79.65,131.6,104.37,47.71
1/25/2017,10.55,896,82.9,79.55,132.66,105.24,48.21
1/26/2017,10.6,917.02,83.01,79.59,132.31,105.13,48.06
1/27/2017,10.55,922.63,83.1,79.62,131.65,105.01,47.95
1/28/2017,10.58,924.98,N/A,N/A,N/A,N/A,N/A
1/29/2017,10.49,916.54,N/A,N/A,N/A,N/A,N/A
1/30/2017,10.6,923.23,83.04,79.63,130.19,104.4,47.64
1/31/2017,10.7,970.01,83.34,79.68,130.93,104.36,47.75
2/1/2017,10.72,992.75,83.01,79.55,130.68,104.4,47.91
2/2/2017,10.82,1008.38,83.05,79.59,130.68,104.46,47.97
2/3/2017,10.99,1018,83.13,79.56,132.4,105.22,48.19
2/4/2017,11.41,1035.54,N/A,N/A,N/A,N/A,N/A
2/5/2017,11.26,1016.32,N/A,N/A,N/A,N/A,N/A
2/6/2017,11.34,1022.58,83.46,79.7,131.63,105.05,47.91
2/7/2017,11.51,1053.96,83.55,79.72,131.15,105.04,47.86
2/8/2017,11.41,1056.7,83.84,79.81,131.17,105.21,48.01
2/9/2017,11.02,994.24,83.46,79.72,132.66,105.79,48.14
2/10/2017,11.43,1001.99,83.42,79.67,133.54,106.21,48.4
2/11/2017,11.52,1018.65,N/A,N/A,N/A,N/A,N/A
2/12/2017,11.5,1010,N/A,N/A,N/A,N/A,N/A
2/13/2017,11.43,1002.82,83.32,79.64,133.89,106.79,48.59
2/14/2017,13.14,1013.92,83.07,79.57,134.3,107.21,48.55
2/15/2017,12.98,1014.53,82.95,79.51,134.94,107.78,48.82
2/16/2017,12.89,1038.94,83.19,79.61,134.6,107.65,48.86
2/17/2017,12.75,1057.3,83.41,79.69,134.72,107.82,48.65
2/18/2017,12.89,1062.15,N/A,N/A,N/A,N/A,N/A
2/19/2017,12.9,1059.88,N/A,N/A,N/A,N/A,N/A
2/20/2017,12.61,1089.82,N/A,N/A,N/A,N/A,N/A
2/21/2017,12.83,1128.29,83.39,79.69,135.84,108.46,48.93
2/22/2017,12.75,1128.71,83.52,79.74,135.18,108.4,48.94
2/23/2017,13.21,1186.9,83.68,79.79,134.5,108.44,48.99
2/24/2017,13.2,1186.91,84.04,79.92,134.54,108.61,48.6
2/25/2017,13.65,1158,N/A,N/A,N/A,N/A,N/A
2/26/2017,14.74,1184.91,N/A,N/A,N/A,N/A,N/A
2/27/2017,15.66,1195.81,83.78,79.8,135.66,108.77,48.56
2/28/2017,16.4,1195.08,83.78,79.73,133.97,108.5,48.39
3/1/2017,17.37,1230,83.22,79.49,136.14,109.93,48.95
3/2/2017,19.27,1269.17,83.01,79.43,134.66,109.3,48.53
3/3/2017,19.68,1292.86,83.07,79.48,134.72,109.35,48.77
3/4/2017,18.65,1273.97,N/A,N/A,N/A,N/A,N/A
3/5/2017,19.4,1278.98,N/A,N/A,N/A,N/A,N/A
3/6/2017,19.68,1284.99,83.03,79.47,133.83,109.01,48.65
3/7/2017,18.96,1237.36,82.86,79.42,132.95,108.65,48.54
3/8/2017,16.68,1150.22,82.58,79.35,132.15,108.48,48.25
3/9/2017,17.82,1197.3,82.36,79.29,131.63,108.58,48.31
3/10/2017,19.2,1109.01,82.54,79.34,132.1,108.94,48.76
3/11/2017,21.64,1188.11,N/A,N/A,N/A,N/A,N/A
3/12/2017,23.39,1235.58,N/A,N/A,N/A,N/A,N/A
3/13/2017,28.64,1245.49,82.31,79.3,132.46,109.06,49.03
3/14/2017,28.69,1247.42,82.4,79.27,131.86,108.65,48.69
3/15/2017,35.65,1263,83.06,79.49,133.84,109.58,49.48
3/16/2017,45.96,1175.11,82.87,79.44,133.77,109.41,49.77
3/17/2017,44.62,1069.57,83.05,79.5,133.98,109.25,49.76
3/18/2017,33.64,970,N/A,N/A,N/A,N/A,N/A
3/19/2017,43.21,1019.49,N/A,N/A,N/A,N/A,N/A
3/20/2017,42.31,1044.96,83.21,79.55,133.47,109.05,49.86
3/21/2017,42.36,1114.42,83.41,79.65,130.53,107.66,49.51
3/22/2017,41.37,1034.57,83.55,79.68,130.57,107.86,49.6
3/23/2017,42.99,1025.14,83.46,79.66,130.97,107.76,49.71
3/24/2017,52.93,934.87,83.48,79.63,130.63,107.21,49.73
3/25/2017,50.5,963.72,N/A,N/A,N/A,N/A,N/A
3/26/2017,50.73,973.08,N/A,N/A,N/A,N/A,N/A
3/27/2017,48.97,1042.08,83.68,79.69,130.66,107.08,49.8
3/28/2017,50.3,1045.4,83.47,79.61,131.76,107.9,49.96
3/29/2017,53.1,1043.27,83.7,79.69,132.33,108.01,50.02
3/30/2017,51.88,1042.34,83.46,79.68,133.02,108.35,49.82
3/31/2017,50.18,1088.99,83.61,79.72,133.28,108.09,49.68
4/1/2017,50.71,1092,N/A,N/A,N/A,N/A,N/A
4/2/2017,48.74,1113.99,N/A,N/A,N/A,N/A,N/A
4/3/2017,44.25,1152.6,83.75,79.74,132.19,107.92,49.67
4/4/2017,44.47,1143.99,83.75,79.7,132.12,107.97,49.71
4/5/2017,44.78,1132.99,83.88,79.73,130.88,107.64,49.49
4/6/2017,43.3,1192.3,83.85,79.73,132.03,107.91,49.49
4/7/2017,42.32,1194,83.57,79.63,131.93,107.84,49.44
4/8/2017,44.45,1184.5,N/A,N/A,N/A,N/A,N/A
4/9/2017,43.92,1210.97,N/A,N/A,N/A,N/A,N/A
4/10/2017,43.92,1210,83.75,79.68,132.34,107.89,49.4
4/11/2017,43.83,1223.99,84.09,79.79,133.09,107.81,49.54
4/12/2017,46.48,1214.17,84.32,79.87,131.51,107.38,49.55
4/13/2017,49.77,1177.05,84.38,79.88,130.2,106.65,49.27
4/14/2017,47.2,1173.74,N/A,N/A,N/A,N/A,N/A
4/15/2017,48.94,1178.85,N/A,N/A,N/A,N/A,N/A
4/16/2017,48.13,1177.99,N/A,N/A,N/A,N/A,N/A
4/17/2017,47.94,1189.91,84.4,79.9,131.75,107.56,49.67
4/18/2017,49.79,1201.94,84.71,80.02,131.74,107.27,49.33
4/19/2017,47.78,1214.21,84.54,80.01,132.02,107.12,49.11
4/20/2017,49.38,1236.15,84.47,79.93,133.38,107.93,49.56
4/21/2017,48.37,1249.99,84.51,79.97,133.09,107.61,49.54
4/22/2017,48.61,1247,N/A,N/A,N/A,N/A,N/A
4/23/2017,48.96,1251.98,N/A,N/A,N/A,N/A,N/A
4/24/2017,50.12,1257.29,84.4,79.93,134.43,108.79,50.59
4/25/2017,50.31,1281.16,84.05,79.81,135.44,109.47,50.89
4/26/2017,53.42,1298.44,84.19,79.88,135.7,109.39,50.77
4/27/2017,63.67,1349.26,84.31,79.91,135.77,109.49,50.7
4/28/2017,73.14,1353.34,84.39,79.94,134.42,109.29,50.7
4/29/2017,70.4,1365.43,N/A,N/A,N/A,N/A,N/A
4/30/2017,80.87,1384.55,N/A,N/A,N/A,N/A,N/A
5/1/2017,79.35,1436.5,84.11,79.77,134.92,109.5,50.93
5/2/2017,77.55,1471.99,84.26,79.84,134.58,109.55,51.23
5/3/2017,81.29,1533,84.05,79.73,133.85,109.4,51.08
5/4/2017,95.97,1563.39,83.92,79.71,133.49,109.48,51.21
5/5/2017,91.93,1551.3,83.92,79.73,134.64,109.97,51.7
5/6/2017,95.84,1585.39,N/A,N/A,N/A,N/A,N/A
5/7/2017,93.82,1609.57,N/A,N/A,N/A,N/A,N/A
5/8/2017,89.25,1713,83.8,79.7,134.01,109.9,51.43
5/9/2017,86.58,1720.43,83.75,79.66,133.78,109.85,51.4
5/10/2017,88.36,1794.99,83.79,79.67,134.6,110,51.57
5/11/2017,88.3,1837.93,83.81,79.7,133.81,109.77,51.46
5/12/2017,85.17,1695.61,84.21,79.82,133.16,109.61,51.73
5/13/2017,88.42,1792.73,N/A,N/A,N/A,N/A,N/A
5/14/2017,89.39,1799.99,N/A,N/A,N/A,N/A,N/A
5/15/2017,91,1747.81,84.18,79.82,134.17,110.16,52.09
5/16/2017,87.98,1777.48,84.29,79.83,134.01,110.11,52.29
5/17/2017,86.88,1813.23,84.8,80.01,131.1,108.18,51.6
5/18/2017,96.2,1899.16,84.7,79.95,131.44,108.57,51.48
5/19/2017,125.14,1976.23,84.71,79.95,132.33,109.31,52.19
5/20/2017,123.63,2058.91,N/A,N/A,N/A,N/A,N/A
5/21/2017,148.78,2057,N/A,N/A,N/A,N/A,N/A
5/22/2017,160.1,2123.29,84.69,79.96,133.35,109.88,52.26
5/23/2017,169.95,2272.75,84.45,79.91,133.47,110.09,52.26
5/24/2017,196.06,2432.97,84.66,79.97,133.86,110.36,52.36
5/25/2017,181.51,2355,84.67,79.96,133.92,110.88,52.38
5/26/2017,163.8,2272.7,84.64,79.97,133.82,110.92,52.33
5/27/2017,159.91,2099.99,N/A,N/A,N/A,N/A,N/A
5/28/2017,175.48,2232.78,N/A,N/A,N/A,N/A,N/A
5/29/2017,194.82,2279.48,N/A,N/A,N/A,N/A,N/A
5/30/2017,228.69,2191.58,84.86,80.01,132.89,110.8,52.22
5/31/2017,229.14,2303.29,84.91,80.03,132.93,110.8,52.2
6/1/2017,221.91,2419.99,84.72,79.91,135.02,111.68,52.59
6/2/2017,222.04,2478.99,84.97,79.95,135.52,112.06,53.04
6/3/2017,224.95,2548.05,N/A,N/A,N/A,N/A,N/A
6/4/2017,245.5,2521.36,N/A,N/A,N/A,N/A,N/A
6/5/2017,248,2698,84.88,79.92,134.88,111.99,52.83
6/6/2017,264.22,2871.29,85.15,79.99,134.5,111.66,52.72
6/7/2017,255.68,2685.64,85.02,79.93,134.4,111.85,52.74
6/8/2017,258.64,2799.73,84.88,79.89,135.64,111.88,52.69
6/9/2017,279.38,2811.39,84.84,79.86,135.99,111.76,52.45
6/10/2017,340.2,2931.15,N/A,N/A,N/A,N/A,N/A
6/11/2017,343.01,2998.98,N/A,N/A,N/A,N/A,N/A
6/12/2017,397.37,2655.71,84.78,79.87,136.01,111.71,52.27
6/13/2017,388,2709.01,84.86,79.86,136.99,112.22,52.7
6/14/2017,341.7,2432.21,85.22,79.94,136.24,112.14,52.63
6/15/2017,343.71,2409.98,85,79.91,135.65,111.91,52.11
6/16/2017,354.26,2480.43,85.14,79.96,135.49,111.93,52.48
6/17/2017,368.98,2634.94,N/A,N/A,N/A,N/A,N/A
6/18/2017,351.85,2515.25,N/A,N/A,N/A,N/A,N/A
6/19/2017,358.71,2596.98,84.88,79.87,136.5,112.8,52.71
6/20/2017,350.94,2725.08,85.02,79.92,135.22,112.07,52.2
6/21/2017,325.41,2643.35,85.08,79.91,134.4,111.6,51.56
6/22/2017,320.02,2679.99,85.12,79.94,134.7,111.53,51.74
6/23/2017,326.99,2690.76,85.14,79.97,135.49,111.69,51.87
6/24/2017,304.5,2574.84,N/A,N/A,N/A,N/A,N/A
6/25/2017,278.49,2505.61,N/A,N/A,N/A,N/A,N/A
6/26/2017,252.99,2407.91,85.22,79.97,135.94,111.78,52.02
6/27/2017,287.23,2575.75,84.88,79.87,134.72,110.87,51.9
6/28/2017,315.32,2553.12,84.89,79.94,136.45,111.81,52.4
6/29/2017,292.95,2530,84.67,79.87,135.45,110.87,51.86
6/30/2017,280.04,2455.19,84.53,79.85,135.54,111.02,51.97
7/1/2017,263.12,2423.63,N/A,N/A,N/A,N/A,N/A
7/2/2017,285,2516.66,N/A,N/A,N/A,N/A,N/A
7/3/2017,276.37,2542.41,84.05,79.68,136.49,111.31,52.01
7/4/2017,269.2,2602,N/A,N/A,N/A,N/A,N/A
7/5/2017,266.27,2616.96,84.24,79.69,136.05,111.45,51.97
7/6/2017,266.01,2604.84,84.01,79.68,134.15,110.47,51.66
7/7/2017,241.28,2501.15,83.96,79.69,135.46,111.15,51.72
7/8/2017,246.64,2561.11,N/A,N/A,N/A,N/A,N/A
7/9/2017,238.81,2508.99,N/A,N/A,N/A,N/A,N/A
7/10/2017,202.86,2331.05,84.09,79.73,134.98,111.3,51.88
7/11/2017,190.57,2310.01,84.2,79.78,135.32,111.21,52.06
7/12/2017,224.04,2383.42,84.46,79.85,136.33,112.05,52.56
7/13/2017,205,2340,84.34,79.82,136.53,112.25,52.76
7/14/2017,197.23,2217.24,84.56,79.87,136.98,112.73,53.23
7/15/2017,167.72,1964.31,N/A,N/A,N/A,N/A,N/A
7/16/2017,155.68,1911.78,N/A,N/A,N/A,N/A,N/A
7/17/2017,190.87,2235.19,84.65,79.88,137.29,112.75,53.03
7/18/2017,227.01,2308.15,84.84,79.9,136.96,112.83,53.17
7/19/2017,194.74,2258.99,84.83,79.89,138.37,113.4,53.45
7/20/2017,226.06,2873.48,84.9,79.91,138.37,113.48,53.65
7/21/2017,216.6,2657.45,85.05,79.99,137.84,113.36,53.42
7/22/2017,230.69,2825.27,N/A,N/A,N/A,N/A,N/A
7/23/2017,228.31,2754.28,N/A,N/A,N/A,N/A,N/A
7/24/2017,225.96,2762.26,84.92,79.94,138.13,113.34,53.42
7/25/2017,203.78,2564,84.58,79.83,139.25,113.63,53.48
7/26/2017,203.23,2525.99,84.8,79.96,138.54,113.61,53.77
7/27/2017,202.94,2664.99,84.73,79.97,137.81,113.5,53.62
7/28/2017,190.72,2786.07,84.87,80.01,137.37,113.36,53.62
7/29/2017,205.9,2700.21,N/A,N/A,N/A,N/A,N/A
7/30/2017,196.95,2723.99,N/A,N/A,N/A,N/A,N/A
7/31/2017,200.82,2856.88,84.89,80.02,137.15,113.32,53.72
8/1/2017,225.73,2732.59,84.89,79.94,137.47,113.54,54.06
8/2/2017,217.92,2699.9,84.86,79.92,136.28,113.58,54.05
8/3/2017,224,2787.02,85.04,79.98,135.76,113.39,53.96
8/4/2017,220.72,2857.34,84.81,79.92,136.33,113.62,54.06
8/5/2017,251.85,3243.49,N/A,N/A,N/A,N/A,N/A
8/6/2017,263.96,3222.22,N/A,N/A,N/A,N/A,N/A
8/7/2017,269.9,3398.23,84.86,79.92,136.4,113.79,54.12
8/8/2017,295.95,3422.43,84.7,79.91,136.09,113.53,53.92
8/9/2017,295.26,3342.8,84.79,79.94,135.02,113.5,53.76
8/10/2017,300.51,3444.98,85.01,79.99,132.79,111.93,52.9
8/11/2017,309.65,3656.15,85.11,80.05,133.13,112.07,52.91
8/12/2017,308.35,3874,N/A,N/A,N/A,N/A,N/A
8/13/2017,296.66,4060.47,N/A,N/A,N/A,N/A,N/A
8/14/2017,299.16,4320.6,84.95,80.02,134.68,113.15,53.31
8/15/2017,286.71,4159.93,84.79,79.94,133.9,113.15,53.2
8/16/2017,300.45,4370.01,84.95,79.99,134.24,113.35,53.59
8/17/2017,300.67,4280.01,85.09,80.05,131.95,111.6,52.94
8/18/2017,292.87,4101.72,85.01,80.04,131.83,111.4,53.12
8/19/2017,293.58,4157.41,N/A,N/A,N/A,N/A,N/A
8/20/2017,297.79,4050.99,N/A,N/A,N/A,N/A,N/A
8/21/2017,322,4002,85.1,80.06,131.81,111.53,53.23
8/22/2017,314.19,4092,85.04,80.04,133.08,112.69,53.44
8/23/2017,317.5,4143.49,85.28,80.11,132.86,112.29,53.53
8/24/2017,324.56,4312.03,85.18,80.04,133.05,112.12,53.54
8/25/2017,330.14,4360,85.27,80.09,133.44,112.31,53.88
8/26/2017,332.99,4344.32,N/A,N/A,N/A,N/A,N/A
8/27/2017,348.2,4340.11,N/A,N/A,N/A,N/A,N/A
8/28/2017,347.54,4384.99,85.41,80.12,133.59,112.32,53.85
8/29/2017,372.48,4599,85.52,80.19,133.48,112.42,53.63
8/30/2017,384.1,4581.98,85.49,80.15,134.53,112.98,53.6
8/31/2017,389.2,4743.94,85.61,80.18,135.87,113.64,54.01
9/1/2017,392.87,4947.99,85.2,80.03,136.42,113.88,54.16
9/2/2017,354.87,4649.99,N/A,N/A,N/A,N/A,N/A
9/3/2017,353.06,4626.05,N/A,N/A,N/A,N/A,N/A
9/4/2017,316.86,4498.25,N/A,N/A,N/A,N/A,N/A
9/5/2017,320.08,4432.51,85.62,80.12,135.15,113.06,53.75
9/6/2017,339.38,4616.18,85.43,80.12,135.4,113.42,54.13
9/7/2017,335.56,4624.18,85.8,80.21,135.04,113.39,54.54
9/8/2017,307.96,4350,85.69,80.19,135.16,113.25,54.49
9/9/2017,304.99,4334.36,N/A,N/A,N/A,N/A,N/A
9/10/2017,300.33,4251.36,N/A,N/A,N/A,N/A,N/A
9/11/2017,298.47,4210.72,85.32,80.1,136.61,114.48,54.96
9/12/2017,294.5,4164.52,85.23,80.06,137.56,114.9,54.99
9/13/2017,275.71,3855.32,85.08,80,137.54,114.95,54.74
9/14/2017,223.85,3250.4,85.12,80,137.4,114.93,54.86
9/15/2017,260.88,3740.02,85.08,79.95,137.87,115.09,55
9/16/2017,255.84,3726.51,N/A,N/A,N/A,N/A,N/A
9/17/2017,259.66,3719.97,N/A,N/A,N/A,N/A,N/A
9/18/2017,298,4100,84.99,79.93,138.63,115.3,55.09
9/19/2017,282.8,3910.11,84.94,79.9,138.47,115.44,55.28
9/20/2017,283.55,3872.06,84.79,79.84,138.6,114.89,54.89
9/21/2017,258.11,3617.47,84.74,79.81,138.27,114.57,54.79
9/22/2017,263.88,3619.01,84.8,79.83,138.73,114.58,54.84
9/23/2017,286.03,3787.33,N/A,N/A,N/A,N/A,N/A
9/24/2017,283.21,3669.01,N/A,N/A,N/A,N/A,N/A
9/25/2017,294.41,3919.78,85.05,79.93,138.83,114.38,54.49
9/26/2017,288.77,3885.09,85.01,79.91,139.03,114.41,54.34
9/27/2017,309.85,4200,84.73,79.86,140.68,114.85,54.29
9/28/2017,302.33,4189.42,84.74,79.9,140.98,115.02,54.42
9/29/2017,291.88,4156.99,84.66,79.82,141.32,115.4,54.73
9/30/2017,301.57,4339,N/A,N/A,N/A,N/A,N/A
10/1/2017,303.25,4394.81,N/A,N/A,N/A,N/A,N/A
10/2/2017,296.72,4392.71,84.52,79.7,142.69,115.91,54.73
10/3/2017,292.36,4307.99,84.61,79.72,142.99,116.19,55.04
10/4/2017,292,4214.84,84.65,79.77,142.88,116.33,55
10/5/2017,294.89,4320.04,84.54,79.74,143.25,117,55.02
10/6/2017,307.73,4362.99,84.41,79.69,143.06,116.91,54.95
10/7/2017,311.12,4425,N/A,N/A,N/A,N/A,N/A
10/8/2017,309.2,4603.49,N/A,N/A,N/A,N/A,N/A
10/9/2017,297,4769.55,84.48,79.73,142.6,116.68,54.94
10/10/2017,297.99,4750,84.55,79.77,142.77,116.95,55.42
10/11/2017,302,4814.99,84.62,79.74,142.79,117.17,55.67
10/12/2017,302.12,5440,84.62,79.72,142.85,116.97,55.62
10/13/2017,335.89,5624.8,84.84,79.78,142.77,117.11,55.99
10/14/2017,338.37,5819.13,N/A,N/A,N/A,N/A,N/A
10/15/2017,336.89,5693.7,N/A,N/A,N/A,N/A,N/A
10/16/2017,334.36,5754.9,84.77,79.74,142.74,117.27,55.93
10/17/2017,316.37,5594,84.76,79.72,142.54,117.36,55.78
10/18/2017,313.59,5574.44,84.58,79.68,142.93,117.45,55.92
10/19/2017,308.02,5704.01,84.66,79.71,142.81,117.51,55.69
10/20/2017,303.15,5989.1,84.4,79.65,143.6,118.11,55.66
10/21/2017,300,6024.86,N/A,N/A,N/A,N/A,N/A
10/22/2017,295.14,6005.05,N/A,N/A,N/A,N/A,N/A
10/23/2017,285.83,5905.99,84.49,79.68,142.72,117.69,55.51
10/24/2017,296.99,5525.43,84.34,79.66,142.99,117.85,55.61
10/25/2017,296.76,5739.97,84.21,79.62,142.16,117.29,55.41
10/26/2017,295.98,5891.61,84.16,79.6,142.7,117.43,55.33
10/27/2017,297.59,5780,84.35,79.65,143.59,118.38,55.55
10/28/2017,295.11,5752.01,N/A,N/A,N/A,N/A,N/A
10/29/2017,303.38,6140.01,N/A,N/A,N/A,N/A,N/A
10/30/2017,306.87,6124.16,84.58,79.72,142.55,117.95,55.58
10/31/2017,303.51,6445.01,84.49,79.69,143.53,118.12,55.84
11/1/2017,290.82,6783.69,84.35,79.55,142.95,118.29,56.02
11/2/2017,285.4,7039.98,84.42,79.55,143.22,118.3,56.14
11/3/2017,306,7170.01,84.48,79.53,143.49,118.67,56.03
11/4/2017,301.66,7412.55,N/A,N/A,N/A,N/A,N/A
11/5/2017,296.57,7392,N/A,N/A,N/A,N/A,N/A
11/6/2017,297.32,6969.76,84.54,79.54,143.89,118.83,56.22
11/7/2017,292.42,7126.63,84.56,79.53,142.79,118.78,56.01
11/8/2017,307.91,7467.96,84.46,79.48,143.09,118.96,56.22
11/9/2017,320.72,7156,84.4,79.5,142.26,118.56,55.88
11/10/2017,298.04,6577.62,84,79.45,142.36,118.51,55.73
11/11/2017,315.69,6346.7,N/A,N/A,N/A,N/A,N/A
11/12/2017,307.1,5886.35,N/A,N/A,N/A,N/A,N/A
11/13/2017,315.56,6535.87,83.96,79.41,142.38,118.63,55.48
11/14/2017,335.04,6605,84.09,79.44,142.02,118.37,55.42
11/15/2017,331.81,7294,84.34,79.47,141.35,117.76,55.11
11/16/2017,330.21,7838.53,84.2,79.43,143.1,118.76,55.74
11/17/2017,332.31,7714.71,84.28,79.43,143.58,118.45,55.69
11/18/2017,346.6,7777.01,N/A,N/A,N/A,N/A,N/A
11/19/2017,354.59,8031.82,N/A,N/A,N/A,N/A,N/A
11/20/2017,368.24,8256.01,84.11,79.39,144.27,118.65,55.78
11/21/2017,361.51,8109,84.17,79.37,145.5,119.46,56.23
11/22/2017,381.73,8250,84.39,79.46,145.45,119.35,56.39
11/23/2017,406.61,8031.16,N/A,N/A,N/A,N/A,N/A
11/24/2017,470.98,8215.01,84.36,79.45,145.62,119.63,56.69
11/25/2017,466.77,8795.5,N/A,N/A,N/A,N/A,N/A
11/26/2017,473.99,9401.11,N/A,N/A,N/A,N/A,N/A
11/27/2017,477.53,9768.71,84.44,79.47,145.07,119.58,56.27
11/28/2017,468.52,9949,84.5,79.46,146.85,120.75,56.61
11/29/2017,434.01,9935.98,84.25,79.43,147.2,120.7,56.22
11/30/2017,434,9903,84.08,79.36,147.91,121.64,56.19
12/1/2017,463.82,10869.84,84.12,79.25,147.63,121.47,56.1
12/2/2017,460.34,10930.24,N/A,N/A,N/A,N/A,N/A
12/3/2017,464.76,11290,N/A,N/A,N/A,N/A,N/A
12/4/2017,468.22,11643.98,84.06,79.23,147.18,121.31,55.9
12/5/2017,457.3,11718.35,84.16,79.22,145.96,120.86,55.82
12/6/2017,432.49,14090,84.26,79.24,145.31,120.88,55.5
12/7/2017,433.28,17390.01,84.17,79.26,146.49,121.27,55.64
12/8/2017,463.45,16367.03,84.09,79.27,146.83,121.96,55.98
12/9/2017,485.04,15309.98,N/A,N/A,N/A,N/A,N/A
12/10/2017,447.51,15290.01,N/A,N/A,N/A,N/A,N/A
12/11/2017,518,16885.76,84.04,79.22,146.77,122.36,56.1
12/12/2017,686.82,17730.12,84,79.21,146.32,122.58,56.08
12/13/2017,711.94,16689.61,84.37,79.32,146.7,122.52,56.39
12/14/2017,705.01,16749.78,84.29,79.27,145.29,122.03,56.13
12/15/2017,693.5,17738.67,84.25,79.24,146.95,123.07,56.1
12/16/2017,703.59,19650.01,N/A,N/A,N/A,N/A,N/A
12/17/2017,732.18,19378.99,N/A,N/A,N/A,N/A,N/A
12/18/2017,785.65,19039.01,84.12,79.22,148.66,123.84,56.74
12/19/2017,826.65,17838.73,83.78,79.17,147.9,123.36,56.57
12/20/2017,802.86,16496.89,83.64,79.13,148.12,123.3,56.56
12/21/2017,796.98,15758.8,83.68,79.11,147.93,122.96,56.3
12/22/2017,682.11,14210.57,83.72,79.13,147.91,122.89,56.47
12/23/2017,732.8,15075.89,N/A,N/A,N/A,N/A,N/A
12/24/2017,697.04,14221.94,N/A,N/A,N/A,N/A,N/A
12/25/2017,740.5,14171.98,N/A,N/A,N/A,N/A,N/A
12/26/2017,755.07,15790.88,83.52,79,148.1,122.77,56.5
12/27/2017,739.99,15367.08,83.73,79.09,148.14,122.87,56.6
12/28/2017,719.5,14450.01,83.69,79.07,148.64,123.08,56.7
12/29/2017,748.89,14565.05,83.83,79.1,147.8,122.58,56.81
12/30/2017,710.58,12839.99,N/A,N/A,N/A,N/A,N/A
12/31/2017,741.27,13863.13,N/A,N/A,N/A,N/A,N/A
1/1/2018,759.03,13480.01,N/A,N/A,N/A,N/A,N/A
1/2/2018,865,14781.51,83.56,79.05,148.98,123.49,57.38
1/3/2018,938.31,15098.14,83.65,79.06,149.26,124.28,57.78
1/4/2018,949,15144.99,83.65,79,149.46,124.8,58.26
1/5/2018,969.27,16960.01,83.54,79.01,150.01,125.6,58.65
1/6/2018,1006.68,17098.99,N/A,N/A,N/A,N/A,N/A
1/7/2018,1118.3,16174.22,N/A,N/A,N/A,N/A,N/A
1/8/2018,1137.01,14993.74,83.5,79,150.39,125.88,58.62
1/9/2018,1290.01,14480.99,83.32,78.96,150.32,126.17,58.67
1/10/2018,1246.94,14875.18,83.31,78.98,150.02,125.98,58.47
1/11/2018,1137.01,13308.06,83.34,79.01,152.22,126.85,58.84
1/12/2018,1260,13820,83.25,78.98,152.71,127.71,59.41
1/13/2018,1386.02,14187.95,N/A,N/A,N/A,N/A,N/A
1/14/2018,1365.46,13656.23,N/A,N/A,N/A,N/A,N/A
1/15/2018,1278.63,13590,N/A,N/A,N/A,N/A,N/A
1/16/2018,1080,11570.01,83.27,78.96,151.09,127.28,59.35
1/17/2018,1028.06,11200.01,83.12,78.88,152.35,128.46,59.76
1/18/2018,1025.78,11305.53,82.91,78.84,151.58,128.3,59.69
1/19/2018,1037.45,11498.99,82.74,78.8,153.36,128.87,59.96
1/20/2018,1150.02,12762.8,N/A,N/A,N/A,N/A,N/A
1/21/2018,1047.13,11518.17,N/A,N/A,N/A,N/A,N/A
1/22/2018,999.68,10766.7,82.75,78.79,154.38,129.93,60.29
1/23/2018,984.03,10824.94,82.94,78.88,154.97,130.23,60.53
1/24/2018,1056.99,11356.79,82.81,78.86,154.31,130.16,60.79
1/25/2018,1040,11118,82.96,78.85,154.27,130.21,60.57
1/26/2018,1045.57,11086.89,82.79,78.79,155.07,131.68,61.17
1/27/2018,1100,11319,N/A,N/A,N/A,N/A,N/A
1/28/2018,1215.01,11536,N/A,N/A,N/A,N/A,N/A
1/29/2018,1162.27,11123.01,82.69,78.76,153.94,130.85,60.54
1/30/2018,1054.39,9995,82.55,78.73,152.32,129.45,59.97
1/31/2018,1105.01,10099.99,82.54,78.72,151.78,129.58,60.06
2/1/2018,1017.48,9014.23,82.05,78.53,152.15,129.51,60.01
2/2/2018,911.99,8787.52,81.82,78.52,149.31,126.7,58.7
2/3/2018,969.4,9240,N/A,N/A,N/A,N/A,N/A
2/4/2018,826,8167.91,N/A,N/A,N/A,N/A,N/A
2/5/2018,693.54,6905.19,82.18,78.72,143.75,121.5,56.34
2/6/2018,783.83,7688.46,81.97,78.62,145.23,123.69,57.7
2/7/2018,750.04,7575.75,81.79,78.54,145.21,123.09,56.66
2/8/2018,812,8218.1,81.76,78.57,140.43,118.59,55.1
2/9/2018,875.99,8671.01,81.59,78.57,141.91,120.37,55.62
2/10/2018,849.47,8547.49,N/A,N/A,N/A,N/A,N/A
2/11/2018,811.35,8072.99,N/A,N/A,N/A,N/A,N/A
2/12/2018,864.4,8872.28,81.62,78.52,143.43,121.98,56.4
2/13/2018,840.49,8520.01,81.61,78.53,143.85,122.36,56.4
2/14/2018,920.26,9472.98,81.24,78.39,146.43,124.06,57.41
2/15/2018,929.3,10031.23,81.35,78.39,147.99,125.53,57.92
2/16/2018,936.02,10167.49,81.56,78.43,148.35,125.6,58
2/17/2018,974.99,11121.5,N/A,N/A,N/A,N/A,N/A
2/18/2018,912.41,10380.04,N/A,N/A,N/A,N/A,N/A
2/19/2018,939.01,11140,N/A,N/A,N/A,N/A,N/A
2/20/2018,884.76,11235.57,81.43,78.37,147.4,124.8,57.37
2/21/2018,840.34,10454.27,81.24,78.35,147.03,124.16,57.23
2/22/2018,806,9830,81.27,78.4,146.94,124.26,57.49
2/23/2018,854.01,10144.99,81.58,78.45,148.83,126.28,58.12
2/24/2018,833.2,9688.62,N/A,N/A,N/A,N/A,N/A
2/25/2018,841.96,9597.99,N/A,N/A,N/A,N/A,N/A
2/26/2018,867.09,10300,81.61,78.46,149.58,127.73,58.56
2/27/2018,871.07,10566.57,81.42,78.35,147.51,126.14,57.56
2/28/2018,849.99,10307.27,81.51,78.37,145.77,124.77,56.91
3/1/2018,868.74,10895.92,81.55,78.35,145.17,123.13,56.32
3/2/2018,854.31,11000,81.27,78.28,147,123.82,56.48
3/3/2018,854.34,11432.5,N/A,N/A,N/A,N/A,N/A
3/4/2018,861.74,11469.9,N/A,N/A,N/A,N/A,N/A
3/5/2018,848.83,11377.54,81.24,78.3,148.51,125.22,56.71
3/6/2018,815.43,10700,81.26,78.29,149.9,125.57,57.14
3/7/2018,751.38,9925,81.25,78.3,150.7,125.53,57.08
3/8/2018,698.83,9304.89,81.38,78.36,150.6,126.09,57.2
3/9/2018,728.46,9255,81.21,78.28,152.88,128.28,57.74
3/10/2018,683.6,8795.44,N/A,N/A,N/A,N/A,N/A
3/11/2018,719.79,9533.88,N/A,N/A,N/A,N/A,N/A
3/12/2018,696.51,9120,81.31,78.3,153.1,128.12,57.84
3/13/2018,690.39,9145.41,81.35,78.33,152.43,127.3,57.43
3/14/2018,614.63,8207.02,81.46,78.36,151.59,126.66,57.58
3/15/2018,610.99,8259.99,81.44,78.35,151.02,126.55,57.5
3/16/2018,600.51,8275,81.4,78.3,151.77,126.67,57.39
3/17/2018,549.79,7857.6,N/A,N/A,N/A,N/A,N/A
3/18/2018,538,8192,N/A,N/A,N/A,N/A,N/A
3/19/2018,555.55,8589,81.33,78.29,150.29,124.99,56.89
3/20/2018,558,8900,81.2,78.21,150.42,125.18,57.07
3/21/2018,559.98,8891.81,81.18,78.25,151.03,124.97,57.23
3/22/2018,539.89,8715.09,81.35,78.34,147.19,121.31,55.99
3/23/2018,543.04,8927.1,81.34,78.35,144.37,118.75,55.35
3/24/2018,519.57,8531.34,N/A,N/A,N/A,N/A,N/A
3/25/2018,522.55,8453,N/A,N/A,N/A,N/A,N/A
3/26/2018,486.75,8145,81.25,78.3,147.56,122.01,56.34
3/27/2018,449,7793.61,81.61,78.43,145.06,119.84,55.73
3/28/2018,445.47,7942.72,81.58,78.4,145.15,119.48,55.92
3/29/2018,383.29,7080,81.77,78.44,146.92,121.21,56.55
3/30/2018,394.46,6848.01,N/A,N/A,N/A,N/A,N/A
3/31/2018,394.54,6928.5,N/A,N/A,N/A,N/A,N/A
4/1/2018,378.18,6816.01,N/A,N/A,N/A,N/A,N/A
4/2/2018,384,7045.01,81.61,78.36,143.38,118.37,55.67
4/3/2018,416.28,7424.9,81.43,78.28,145.24,119.91,56.19
4/4/2018,378.43,6791.68,81.46,78.28,146.78,121.27,56.28
4/5/2018,381.55,6785.85,81.36,78.23,147.85,122.15,56.65
4/6/2018,370.32,6619.01,81.58,78.36,144.99,119.5,56.06
4/7/2018,384.61,6894.01,N/A,N/A,N/A,N/A,N/A
4/8/2018,399.9,7020.01,N/A,N/A,N/A,N/A,N/A
4/9/2018,398.8,6771.13,81.64,78.37,145.01,119.95,56.48
4/10/2018,415.45,6824.99,81.53,78.32,147.54,121.91,57.15
4/11/2018,430.81,6942.99,81.56,78.36,147.63,121.29,56.98
4/12/2018,493.41,7916,81.38,78.28,148.49,122.28,57.14
4/13/2018,495.76,7893.19,81.4,78.27,147.92,121.92,57.05
4/14/2018,502.4,8003.11,N/A,N/A,N/A,N/A,N/A
4/15/2018,533.74,8355.25,N/A,N/A,N/A,N/A,N/A
4/16/2018,511.28,8048.93,81.35,78.28,149.31,122.9,57.16
4/17/2018,502.42,7892.1,81.41,78.26,150.68,124.23,57.41
4/18/2018,525.89,8152.05,81.15,78.17,151.25,124.36,57.74
4/19/2018,567.29,8274,80.95,78.13,150.28,123.67,57.49
4/20/2018,617.17,8866.27,80.74,78.07,149.48,122.66,57.13
4/21/2018,605.16,8915.42,N/A,N/A,N/A,N/A,N/A
4/22/2018,620.07,8795.01,N/A,N/A,N/A,N/A,N/A
4/23/2018,642.85,8931.3,80.64,78.04,149.41,122.64,56.96
4/24/2018,703.38,9645.1,80.63,78.09,148.33,121.01,56.72
4/25/2018,617.49,8865.98,80.45,78.09,148.31,121.21,56.54
4/26/2018,661,9272.11,80.67,78.13,148.97,122.46,56.95
4/27/2018,643.11,8922.55,80.75,78.14,148.77,122.58,57.09
4/28/2018,682,9329.99,N/A,N/A,N/A,N/A,N/A
4/29/2018,687.51,9389.01,N/A,N/A,N/A,N/A,N/A
4/30/2018,669.81,9243.83,80.73,78.14,147.47,121.59,56.81
5/1/2018,670.75,9072.29,80.39,77.97,147.9,121.83,56.68
5/2/2018,685.02,9190.48,80.45,78.02,147.91,120.99,56.53
5/3/2018,775.51,9725.74,80.56,78.04,147.47,120.74,56.65
5/4/2018,783.01,9685,80.57,78.03,149.43,122.29,56.82
5/5/2018,812,9800,N/A,N/A,N/A,N/A,N/A
5/6/2018,784.28,9600,N/A,N/A,N/A,N/A,N/A
5/7/2018,752.42,9353,80.55,78.04,150.59,122.75,56.73
5/8/2018,746.99,9177.82,80.44,78,151.17,122.74,56.88
5/9/2018,750,9300.08,80.3,77.96,152.22,123.94,56.94
5/10/2018,723.51,9010.51,80.49,78,153,125.07,57.53
5/11/2018,678.05,8403.33,80.55,78.01,153.27,125.31,57.6
5/12/2018,684.66,8475,N/A,N/A,N/A,N/A,N/A
5/13/2018,729.29,8686.1,N/A,N/A,N/A,N/A,N/A
5/14/2018,726.9,8670,80.45,77.99,152.94,125.43,57.66
5/15/2018,706.08,8477.46,80.06,77.9,152.76,124.57,57.12
5/16/2018,707.45,8344,79.96,77.85,153.92,125.12,57.4
5/17/2018,668.56,8059,79.95,77.89,154.43,125.06,57.27
5/18/2018,694.5,8238.51,80.15,77.89,154.47,124.73,57.27
5/19/2018,695.96,8235.6,N/A,N/A,N/A,N/A,N/A
5/20/2018,714,8516.86,N/A,N/A,N/A,N/A,N/A
5/21/2018,696.77,8393.44,80.19,77.96,155.59,125.68,57.4
5/22/2018,640.5,7987.7,80.2,77.95,154.42,125.31,57.38
5/23/2018,577.2,7505,80.5,78.07,154.57,125.64,56.89
5/24/2018,602.64,7584.15,80.67,78.12,154.74,125.41,56.69
5/25/2018,584.02,7459.11,80.92,78.22,154.57,125.2,56.48
5/26/2018,584.99,7337.95,N/A,N/A,N/A,N/A,N/A
5/27/2018,570.75,7346.64,N/A,N/A,N/A,N/A,N/A
5/28/2018,511.33,7107.94,N/A,N/A,N/A,N/A,N/A
5/29/2018,566.66,7460,81.47,78.49,154.15,123.75,55.37
5/30/2018,557.22,7380.01,81.14,78.36,156.35,125.32,56.09
5/31/2018,577.1,7485,81.15,78.3,154.99,124.56,55.88
6/1/2018,578.89,7514.32,80.77,78.06,156.12,125.84,56.39
6/2/2018,590.46,7636.42,N/A,N/A,N/A,N/A,N/A
6/3/2018,618.63,7706.37,N/A,N/A,N/A,N/A,N/A
6/4/2018,591.5,7487.37,80.54,78.01,156.85,126.45,56.6
6/5/2018,607.6,7612.51,80.76,78.11,157.56,126.55,56.48
6/6/2018,606.18,7655,80.44,78.04,158.86,127.68,57.06
6/7/2018,603.56,7684.93,80.68,78.14,158.46,127.52,56.61
6/8/2018,598.59,7618.8,80.55,78.12,159.03,127.95,56.69
6/9/2018,593.41,7496.4,N/A,N/A,N/A,N/A,N/A
6/10/2018,525.25,6770.31,N/A,N/A,N/A,N/A,N/A
6/11/2018,531.68,6881,80.55,78.07,159.37,128.12,56.94
6/12/2018,494.14,6545,80.53,78.06,159.99,128.35,56.7
6/13/2018,476.02,6302.31,80.43,77.98,159.09,127.91,56.66
6/14/2018,519.75,6638.49,80.59,78.05,159.64,128.25,56.45
6/15/2018,487.45,6391.22,80.61,78.08,159.46,128.18,56.07
6/16/2018,497.31,6484.29,N/A,N/A,N/A,N/A,N/A
6/17/2018,496.5,6447.16,N/A,N/A,N/A,N/A,N/A
6/18/2018,517.47,6709.02,80.59,78.08,160.07,127.92,55.63
6/19/2018,538.5,6736.41,80.75,78.14,159.8,127.38,55.05
6/20/2018,536,6759.18,80.54,78.08,160.91,127.63,55.21
6/21/2018,525.49,6719.01,80.59,78.12,159.34,126.79,54.7
6/22/2018,462.01,6059.82,80.66,78.13,158.86,126.45,54.68
6/23/2018,475.17,6178.29,N/A,N/A,N/A,N/A,N/A
6/24/2018,454.79,6149.99,N/A,N/A,N/A,N/A,N/A
6/25/2018,458.41,6246.01,80.69,78.16,156.27,124.72,53.93
6/26/2018,429.08,6074,80.81,78.19,157.03,124.95,54
6/27/2018,441.41,6132.17,81.04,78.28,154.87,123.88,53.33
6/28/2018,420,5851.66,80.95,78.26,155.69,124.66,53.6
6/29/2018,434.6,6202.36,80.97,78.21,155.67,124.76,54.1
6/30/2018,453.29,6383.19,N/A,N/A,N/A,N/A,N/A
7/1/2018,451.43,6349.5,N/A,N/A,N/A,N/A,N/A
7/2/2018,476.34,6611.79,80.66,78.06,156.29,125.11,53.53
7/3/2018,461.75,6502.62,N/A,N/A,N/A,N/A,N/A
7/4/2018,466.9,6587.47,N/A,N/A,N/A,N/A,N/A
7/5/2018,467.25,6532.95,80.97,78.09,158.16,125.64,54
7/6/2018,469.3,6600,81.06,78.14,159.6,126.69,54.29
7/7/2018,484.48,6753.28,N/A,N/A,N/A,N/A,N/A
7/8/2018,486.08,6701.97,N/A,N/A,N/A,N/A,N/A
7/9/2018,471.6,6664.01,80.92,78.13,160.81,127.84,54.87
7/10/2018,432.59,6303.7,80.87,78.08,160.44,128.28,54.87
7/11/2018,446.25,6390.04,81.01,78.1,159.24,127.4,53.97
7/12/2018,431.46,6249.75,81.02,78.14,160.13,128.53,54.43
7/13/2018,432.8,6216.29,81.17,78.17,159.88,128.64,54.6
7/14/2018,434.13,6248.65,N/A,N/A,N/A,N/A,N/A
7/15/2018,449.41,6348.73,N/A,N/A,N/A,N/A,N/A
7/16/2018,478.18,6728.81,80.99,78.14,159.15,128.52,54.49
7/17/2018,499.01,7315.01,80.99,78.13,159.94,129.07,54.67
7/18/2018,478.81,7378.99,80.91,78.13,160.47,129.34,54.66
7/19/2018,468.39,7470.01,81.09,78.19,161.18,128.85,54.38
7/20/2018,448.21,7334.46,80.97,78.18,160.62,128.74,54.8
7/21/2018,461.5,7408,N/A,N/A,N/A,N/A,N/A
7/22/2018,456.9,7397.8,N/A,N/A,N/A,N/A,N/A
7/23/2018,449,7720.09,80.66,78.08,160.52,128.93,54.62
7/24/2018,478.79,8385.5,80.74,78.1,158.92,129.48,55.03
7/25/2018,470.81,8157.15,80.7,78.08,159.87,130.65,55.6
7/26/2018,461.42,7931.99,80.73,78.08,160.58,130.31,55.31
7/27/2018,469.3,8184.21,80.78,78.1,158.16,129.42,55.39
7/28/2018,468.12,8228.9,N/A,N/A,N/A,N/A,N/A
7/29/2018,466.01,8216.34,N/A,N/A,N/A,N/A,N/A
7/30/2018,456.46,8170.01,80.71,78.13,156.97,128.64,55.42
7/31/2018,432.35,7727.27,80.82,78.13,158.5,129.27,55.48
8/1/2018,419.6,7603.99,80.5,78.01,158.56,129.14,55.23
8/2/2018,410.71,7533.92,80.56,78.06,159.91,129.82,54.81
8/3/2018,417.8,7414.08,80.78,78.09,159.77,130.39,54.94
8/4/2018,407,7005,N/A,N/A,N/A,N/A,N/A
8/5/2018,408.83,7030.01,N/A,N/A,N/A,N/A,N/A
8/6/2018,404.99,6938,80.84,78.11,160.7,130.87,54.7
8/7/2018,378.08,6718.22,80.67,78.04,161.05,131.32,55.01
8/8/2018,355.7,6282.5,80.66,78.05,160.74,131.27,55.02
8/9/2018,363.99,6546.45,80.78,78.05,160.98,131.12,54.87
8/10/2018,330.99,6146.01,81.03,78.15,160.47,130.26,53.83
8/11/2018,318.02,6235.56,N/A,N/A,N/A,N/A,N/A
8/12/2018,318.15,6316.01,N/A,N/A,N/A,N/A,N/A
8/13/2018,284.11,6253.67,81.01,78.16,159.52,129.73,53.42
8/14/2018,279.4,6195.01,81,78.17,161.1,130.54,53.52
8/15/2018,281.21,6269.01,81.15,78.22,159.47,129.57,52.65
8/16/2018,286.67,6315.9,81.19,78.21,160.76,130.61,52.96
8/17/2018,317.54,6585.49,81.19,78.24,161.64,131.04,53.31
8/18/2018,296.61,6396.64,N/A,N/A,N/A,N/A,N/A
8/19/2018,300.03,6489.53,N/A,N/A,N/A,N/A,N/A
8/20/2018,270.76,6258.74,81.42,78.32,162.08,131.37,53.55
8/21/2018,281.49,6475.89,81.34,78.31,163.67,131.64,53.94
8/22/2018,270.47,6359.99,81.4,78.33,163.95,131.61,54.22
8/23/2018,275.87,6526.36,81.4,78.3,163.5,131.36,53.71
8/24/2018,281.35,6690.88,81.45,78.3,164.41,132.23,54.21
8/25/2018,277.97,6737.52,N/A,N/A,N/A,N/A,N/A
8/26/2018,274.25,6709.98,N/A,N/A,N/A,N/A,N/A
8/27/2018,287.99,6911.9,81.29,78.27,165.05,133.23,54.92
8/28/2018,295.39,7071.01,81.15,78.24,165.21,133.29,54.82
8/29/2018,289,7030.9,81.09,78.23,165.82,134.05,55.07
8/30/2018,284.52,6983,81.22,78.26,165.23,133.47,54.38
8/31/2018,281.94,7015.01,81.23,78.29,165.66,133.48,54.15
9/1/2018,294.64,7191.08,N/A,N/A,N/A,N/A,N/A
9/2/2018,295.06,7295,N/A,N/A,N/A,N/A,N/A
9/3/2018,288.6,7256.98,N/A,N/A,N/A,N/A,N/A
9/4/2018,285.43,7360,80.93,78.15,165.29,133.28,53.5
9/5/2018,227.56,6687.96,80.88,78.19,164.76,132.89,53.01
9/6/2018,229.03,6495,81.06,78.22,163.93,132.5,52.9
9/7/2018,215.21,6395.01,80.78,78.07,163.66,132.18,52.52
9/8/2018,197,6188,N/A,N/A,N/A,N/A,N/A
9/9/2018,195.91,6235.01,N/A,N/A,N/A,N/A,N/A
9/10/2018,196.94,6300,80.78,78.09,164.14,132.45,52.58
9/11/2018,185.15,6282.53,80.6,78.03,164.48,132.94,52.66
9/12/2018,182.79,6326,80.7,78.04,164.43,132.95,52.86
9/13/2018,211.39,6485.99,80.73,78.06,164.69,133.73,53.33
9/14/2018,210,6478.04,80.59,78.02,165.3,133.79,53.32
9/15/2018,221.69,6518.68,N/A,N/A,N/A,N/A,N/A
9/16/2018,220.19,6498,N/A,N/A,N/A,N/A,N/A
9/17/2018,195.97,6250.7,80.61,78.05,163.5,133.03,53.28
9/18/2018,208.5,6335.7,80.37,77.97,164.31,133.73,53.82
9/19/2018,209.81,6386.94,80.25,77.96,163.59,133.88,54.13
9/20/2018,224.41,6493.11,80.34,77.96,164.83,134.91,54.69
9/21/2018,247.76,6750,80.35,77.99,164.29,134.81,54.72
9/22/2018,240.71,6707.33,N/A,N/A,N/A,N/A,N/A
9/23/2018,244.35,6696.99,N/A,N/A,N/A,N/A,N/A
9/24/2018,228.01,6582.09,80.26,77.95,163.47,134.38,54.38
9/25/2018,219.19,6436.89,80.19,77.95,163.65,134.23,54.69
9/26/2018,214.15,6455.66,80.4,77.99,162.32,133.75,54.45
9/27/2018,229,6680.01,80.45,78,162.5,134.19,54.39
9/28/2018,220.67,6620.01,80.48,78.03,162.58,133.51,54
9/29/2018,231.01,6581,N/A,N/A,N/A,N/A,N/A
9/30/2018,232.27,6605,N/A,N/A,N/A,N/A,N/A
10/1/2018,230.4,6572.83,80.19,77.86,160.95,133.96,54.09
10/2/2018,224.85,6498.46,80.28,77.88,159.68,133.92,53.76
10/3/2018,219.01,6466.03,79.89,77.77,160.64,134.06,53.56
10/4/2018,221,6547.45,79.69,77.73,158.49,132.96,52.82
10/5/2018,226.89,6593.94,79.53,77.71,157.19,132.2,52.54
10/6/2018,223.85,6552.43,N/A,N/A,N/A,N/A,N/A
10/7/2018,224.82,6570,N/A,N/A,N/A,N/A,N/A
10/8/2018,227.68,6608.07,79.5,77.73,156.83,132.08,52.34
10/9/2018,226.15,6589.48,79.61,77.75,156,131.91,52.16
10/10/2018,223.61,6524.56,79.64,77.76,151.59,127.61,50.9
10/11/2018,188.32,6154.69,79.83,77.8,148.67,124.92,50.22
10/12/2018,194.1,6188.01,79.84,77.8,149.29,126.66,50.69
10/13/2018,196.72,6196,N/A,N/A,N/A,N/A,N/A
10/14/2018,191.87,6183.49,N/A,N/A,N/A,N/A,N/A
10/15/2018,204.53,6440.42,79.83,77.82,149.83,126.02,50.48
10/16/2018,205.43,6457.11,79.85,77.83,153.62,128.71,51.45
10/17/2018,203.21,6443.7,79.63,77.77,153.18,128.73,51.02
10/18/2018,199.2,6394.96,79.73,77.83,150.6,126.92,50.17
10/19/2018,200,6382.99,79.65,77.8,149.26,126.73,50.46
10/20/2018,202.69,6414,N/A,N/A,N/A,N/A,N/A
10/21/2018,202.12,6415.88,N/A,N/A,N/A,N/A,N/A
10/22/2018,201.25,6407.65,79.65,77.78,148.67,126.21,50.38
10/23/2018,201.12,6395.14,79.77,77.84,147.36,125.54,49.85
10/24/2018,200.68,6415.98,80.09,77.98,142.38,121.69,48.46
10/25/2018,199.65,6395.58,79.92,77.92,145.09,123.98,49.08
10/26/2018,200.7,6404.87,80.2,78.06,143.1,121.76,48.67
10/27/2018,201.46,6409.12,N/A,N/A,N/A,N/A,N/A
10/28/2018,202.43,6403.62,N/A,N/A,N/A,N/A,N/A
10/29/2018,194.31,6266,80.14,78.01,142.45,120.98,48.39
10/30/2018,195.35,6267.63,80.02,77.97,145.09,122.9,48.97
10/31/2018,196.95,6304.18,79.89,77.94,146.13,124.28,49.38
11/1/2018,197.96,6344,79.75,77.85,148.89,125.6,50.28
11/2/2018,199.75,6349.8,79.46,77.74,149.19,124.84,50.56
11/3/2018,198.35,6331.96,N/A,N/A,N/A,N/A,N/A
11/4/2018,210.06,6423.28,N/A,N/A,N/A,N/A,N/A
11/5/2018,208.53,6404,79.52,77.78,149.3,125.52,50.57
11/6/2018,218.65,6448.5,79.49,77.72,149.97,126.28,50.68
11/7/2018,216.84,6503.12,79.52,77.7,152.5,128.97,51.36
11/8/2018,210.34,6406.24,79.35,77.67,151.91,128.72,50.78
11/9/2018,208.01,6334.89,79.58,77.75,149.86,127.53,50.25
11/10/2018,210.29,6347.42,N/A,N/A,N/A,N/A,N/A
11/11/2018,209.88,6357.6,N/A,N/A,N/A,N/A,N/A
11/12/2018,208.77,6327.87,79.68,77.82,147.13,125.06,49.45
11/13/2018,203.2,6259.34,79.69,77.82,146.9,124.85,49.71
11/14/2018,177.79,5605.46,79.75,77.88,145.84,123.98,49.86
11/15/2018,178.89,5579.52,79.78,77.92,147.69,125.34,50.22
11/16/2018,172.4,5512.24,79.96,78,148,125.6,50.22
11/17/2018,172.49,5504.17,N/A,N/A,N/A,N/A,N/A
11/18/2018,175.87,5560,N/A,N/A,N/A,N/A,N/A
11/19/2018,145.21,4733.5,79.95,78.05,145.05,123.48,49.79
11/20/2018,127.55,4349.23,79.93,78,142.6,121.23,48.78
11/21/2018,134.73,4545.11,79.95,77.98,144.42,121.72,49.53
11/22/2018,123.25,4265.36,N/A,N/A,N/A,N/A,N/A
11/23/2018,121.44,4283.8,N/A,N/A,N/A,N/A,N/A
11/24/2018,110.16,3774.99,N/A,N/A,N/A,N/A,N/A
11/25/2018,114.3,3936.69,N/A,N/A,N/A,N/A,N/A
11/26/2018,106.95,3731.32,79.9,77.97,146.32,122.81,49.87
11/27/2018,108.7,3775,79.92,77.98,145.23,123.21,49.75
11/28/2018,121.94,4225.03,80.01,78.06,148.58,126.05,50.61
11/29/2018,116.38,4248,80.04,78.07,148.41,125.82,50.36
11/30/2018,111.65,3976,80.09,78.08,149.33,126.66,50.21
12/1/2018,116.82,4142.01,N/A,N/A,N/A,N/A,N/A
12/2/2018,114.76,4103.19,N/A,N/A,N/A,N/A,N/A
12/3/2018,107.21,3833.47,80.05,77.91,150.88,128.28,50.93
12/4/2018,108.61,3901.84,80.2,77.94,145.13,124.14,49.69
12/5/2018,100.76,3694.39,N/A,N/A,N/A,N/A,N/A
12/6/2018,89.09,3433.26,80.36,78.03,144.92,124.01,49.28
12/7/2018,92.45,3380.01,80.58,78.11,141.91,121.1,48.64
12/8/2018,89.99,3401,N/A,N/A,N/A,N/A,N/A
12/9/2018,92.79,3531.18,N/A,N/A,N/A,N/A,N/A
12/10/2018,89.23,3410.15,80.58,78.17,141.25,121.3,48.22
12/11/2018,86.96,3349.36,80.53,78.14,141.06,121.29,48.38
12/12/2018,89.09,3430.24,80.41,78.11,142.15,121.96,49.14
12/13/2018,85.35,3265,80.55,78.19,140.44,121.85,49.07
12/14/2018,83,3195.71,80.61,78.24,138.49,119.63,48.39
12/15/2018,83.03,3183,N/A,N/A,N/A,N/A,N/A
12/16/2018,83.74,3195,N/A,N/A,N/A,N/A,N/A
12/17/2018,93.79,3496.82,80.79,78.35,135.08,117.11,47.98
12/18/2018,101,3667.77,80.95,78.43,135.11,117.14,48.04
12/19/2018,99.34,3682.51,80.98,78.43,132.71,115.3,47.49
12/20/2018,114.52,4075.34,80.85,78.41,130.48,113.54,47.43
12/21/2018,107.74,3839.06,80.92,78.48,127.52,111.18,46.7
12/22/2018,116.09,3980.46,N/A,N/A,N/A,N/A,N/A
12/23/2018,129.61,3944.93,N/A,N/A,N/A,N/A,N/A
12/24/2018,139.09,4034,N/A,N/A,N/A,N/A,N/A
12/25/2018,128.82,3780,N/A,N/A,N/A,N/A,N/A
12/26/2018,130.47,3809.88,80.54,78.23,129.89,112.95,46.84
12/27/2018,114.63,3589.89,80.7,78.34,130.61,113.87,46.85
12/28/2018,136.82,3888.06,81.07,78.48,130.75,113.81,47.11
12/29/2018,134.15,3729.31,N/A,N/A,N/A,N/A,N/A
12/30/2018,138.78,3829,N/A,N/A,N/A,N/A,N/A
12/31/2018,130.53,3691.86,81.29,78.57,131.99,114.86,47.22
1/1/2019,139.75,3826.1,N/A,N/A,N/A,N/A,N/A
1/2/2019,153.5,3890.79,81.48,78.64,131.88,114.88,47.13
1/3/2019,147.23,3787.57,81.89,78.82,129.63,112.08,46.6
1/4/2019,153.24,3820.25,81.52,78.62,134.23,115.94,48.12
1/5/2019,154.21,3798.62,N/A,N/A,N/A,N/A,N/A
1/6/2019,155.92,4040.99,N/A,N/A,N/A,N/A,N/A
1/7/2019,150.62,4006.01,81.44,78.53,136.46,116.82,48.27
1/8/2019,148.97,3993.86,81.31,78.46,138.61,117.95,48.62
1/9/2019,149.5,4004.12,81.46,78.53,139.83,118.53,49.27
1/10/2019,126.41,3626.12,81.38,78.55,140.81,119.03,49.43
1/11/2019,125.83,3635.69,81.59,78.62,141.01,118.99,49.11
1/12/2019,124.59,3619.41,N/A,N/A,N/A,N/A,N/A
1/13/2019,115.58,3514.24,N/A,N/A,N/A,N/A,N/A
1/14/2019,128.37,3664.19,81.56,78.64,140,118.3,48.9
1/15/2019,120,3580.76,81.53,78.69,141.16,119.65,49.21
1/16/2019,122.12,3609.71,81.5,78.63,142.07,119.91,49.41
1/17/2019,122.55,3640.65,81.49,78.59,143.38,120.86,49.63
1/18/2019,119.53,3607.85,81.42,78.59,145.2,122.44,50.03
1/19/2019,123.17,3682.65,N/A,N/A,N/A,N/A,N/A
1/20/2019,117.43,3536.19,N/A,N/A,N/A,N/A,N/A
1/21/2019,115.86,3531.76,N/A,N/A,N/A,N/A,N/A
1/22/2019,118.08,3577.03,81.58,78.65,142.98,120.83,49.27
1/23/2019,116.55,3553.01,81.62,78.69,142.7,121.01,49.57
1/24/2019,116.4,3568.97,81.86,78.77,143.73,121.17,49.75
1/25/2019,114.95,3562.17,81.74,78.71,145.53,122.22,50.3
1/26/2019,115.01,3556.07,N/A,N/A,N/A,N/A,N/A
1/27/2019,111.35,3531.02,N/A,N/A,N/A,N/A,N/A
1/28/2019,105.47,3429.95,81.76,78.7,145.12,121.27,50.03
1/29/2019,104.02,3397.42,81.95,78.79,145,121.08,50.13
1/30/2019,107.61,3437.55,82.22,78.9,146.47,123.05,50.73
1/31/2019,105.79,3411.5,82.6,79.06,147.45,124.12,50.84
2/1/2019,105.88,3437.5,82.13,78.74,148.1,124.22,50.76
2/2/2019,109.3,3468.43,N/A,N/A,N/A,N/A,N/A
2/3/2019,105.94,3414.78,N/A,N/A,N/A,N/A,N/A
2/4/2019,106.08,3409.57,81.97,78.7,149.58,125.07,50.93
2/5/2019,106,3428.4,82.12,78.75,150.09,125.63,51.38
2/6/2019,103.36,3367.36,82.14,78.78,149.9,125.44,51.02
2/7/2019,103.21,3359,82.26,78.84,148.86,124.27,50.35
2/8/2019,117.96,3621.99,82.38,78.9,149.12,124.43,50.16
2/9/2019,118.06,3623.73,N/A,N/A,N/A,N/A,N/A
2/10/2019,123.94,3648.84,N/A,N/A,N/A,N/A,N/A
2/11/2019,119.55,3590.36,82.29,78.85,150.01,124.52,50.06
2/12/2019,120.82,3588.06,82.25,78.85,151.78,126.13,50.59
2/13/2019,120.74,3576.68,82.13,78.8,152.22,126.51,50.52
2/14/2019,119.39,3561.5,82.32,78.88,152.42,126.21,50.54
2/15/2019,120.42,3566.59,82.32,78.88,154.31,127.6,51.05
2/16/2019,121.56,3582.37,N/A,N/A,N/A,N/A,N/A
2/17/2019,132.34,3625.08,N/A,N/A,N/A,N/A,N/A
2/18/2019,144.62,3867,N/A,N/A,N/A,N/A,N/A
2/19/2019,142.69,3888.01,82.39,78.91,154.52,127.84,51.32
2/20/2019,147.19,3938.99,82.36,78.92,154.93,128.03,51.56
2/21/2019,144.21,3897.71,82.22,78.88,154.37,127.61,51.4
2/22/2019,146.68,3942.02,82.45,78.98,155.85,128.39,51.72
2/23/2019,157.56,4110,N/A,N/A,N/A,N/A,N/A
2/24/2019,131.76,3734.22,N/A,N/A,N/A,N/A,N/A
2/25/2019,137.64,3818.79,82.42,78.95,155.89,128.58,51.95
2/26/2019,135.66,3799.48,82.58,79.04,154.79,128.5,52.13
2/27/2019,134.46,3799.91,82.41,79,155.23,128.47,51.88
2/28/2019,134.48,3792.14,82.31,78.97,154.61,128.19,51.67
3/1/2019,134.72,3806.17,81.88,78.76,156,129.04,51.81
3/2/2019,132.32,3809.7,N/A,N/A,N/A,N/A,N/A
3/3/2019,129.78,3786.93,N/A,N/A,N/A,N/A,N/A
3/4/2019,125.24,3700.72,82.07,78.81,154.77,128.52,51.75
3/5/2019,136.3,3844.59,82.13,78.83,154.28,128.35,51.85
3/6/2019,137,3851.89,82.3,78.9,151.84,127.5,51.68
3/7/2019,136.21,3857.05,82.52,79.01,150.64,126.5,50.99
3/8/2019,132.75,3843.12,82.59,79.04,150.35,126.26,50.88
3/9/2019,136.41,3917,N/A,N/A,N/A,N/A,N/A
3/10/2019,134.66,3900.92,N/A,N/A,N/A,N/A,N/A
3/11/2019,132.05,3849.68,82.6,79.03,152.74,128.1,51.48
3/12/2019,132.8,3860,82.79,79.09,153.03,128.52,51.56
3/13/2019,131.16,3851.02,82.77,79.09,153.78,129.4,51.88
3/14/2019,131.4,3853.95,82.64,79.09,153.38,129.33,51.8
3/15/2019,135.99,3902.8,82.9,79.14,153.75,129.95,52.33
3/16/2019,140.48,3990,N/A,N/A,N/A,N/A,N/A
3/17/2019,138.07,3967.01,N/A,N/A,N/A,N/A,N/A
3/18/2019,137.01,3970.5,82.82,79.13,154.62,130.45,52.63
3/19/2019,138.1,4000.85,82.82,79.12,153.85,130.47,52.68
3/20/2019,138.73,4033,83.32,79.28,152.7,130.01,52.69
3/21/2019,134.41,3972.76,83.3,79.27,154.81,131.5,52.7
3/22/2019,135.87,3983.78,83.8,79.47,150.04,128.99,51.57
3/23/2019,136.52,3983.43,N/A,N/A,N/A,N/A,N/A
3/24/2019,135.37,3969.52,N/A,N/A,N/A,N/A,N/A
3/25/2019,133.01,3908.01,83.93,79.57,150.31,128.84,51.45
3/26/2019,133.28,3922.42,83.96,79.6,151.93,129.78,51.75
3/27/2019,139.27,4026.53,84.08,79.65,151.24,129.15,51.59
3/28/2019,137.46,4011.17,84.08,79.63,152.16,128.92,51.62
3/29/2019,142.83,4091.01,83.93,79.59,152.8,129.8,51.9
3/30/2019,142.12,4094.14,N/A,N/A,N/A,N/A,N/A
3/31/2019,141.2,4095,N/A,N/A,N/A,N/A,N/A
4/1/2019,141,4137.01,83.38,79.3,154.71,131.28,52.57
4/2/2019,164.69,4901.93,83.48,79.34,154.45,131.31,52.62
4/3/2019,161.33,4975.07,83.35,79.29,155.19,131.58,52.95
4/4/2019,157.4,4906.49,83.42,79.32,155.64,131.81,53
4/5/2019,166.08,5040.66,83.47,79.33,156.93,132.46,53.14
4/6/2019,165.79,5049.22,N/A,N/A,N/A,N/A,N/A
4/7/2019,174.84,5190.2,N/A,N/A,N/A,N/A,N/A
4/8/2019,180.74,5285.54,83.39,79.31,156.81,132.59,53.13
4/9/2019,175.83,5193.49,83.5,79.35,155.06,131.86,52.96
4/10/2019,177.55,5320.81,83.72,79.41,156.81,132.35,53.12
4/11/2019,164.92,5041.32,83.64,79.36,156.9,132.38,52.94
4/12/2019,164.27,5078.18,83.38,79.25,157.78,133.23,53.34
4/13/2019,163.75,5066.22,N/A,N/A,N/A,N/A,N/A
4/14/2019,168.11,5164,N/A,N/A,N/A,N/A,N/A
4/15/2019,160.24,5029.99,83.41,79.26,157.41,133.2,53.29
4/16/2019,166.38,5204.92,83.22,79.21,157.51,133.24,53.49
4/17/2019,166.54,5227,83.2,79.23,155.99,132.89,53.55
4/18/2019,174.15,5282.32,83.35,79.28,156.01,133.12,53.51
4/19/2019,173.83,5290.36,N/A,N/A,N/A,N/A,N/A
4/20/2019,173.73,5319.89,N/A,N/A,N/A,N/A,N/A
4/21/2019,169.9,5297.64,N/A,N/A,N/A,N/A,N/A
4/22/2019,171.58,5387.6,83.27,79.25,155.45,133.26,53.41
4/23/2019,171.07,5532.85,83.41,79.35,157.76,134.47,53.54
4/24/2019,165.75,5443.14,83.7,79.43,158.26,134.19,53.03
4/25/2019,151.95,5125.3,83.62,79.41,156.97,134.11,52.94
4/26/2019,153.41,5159.51,83.82,79.5,158.38,134.75,53.22
4/27/2019,155.66,5170.6,N/A,N/A,N/A,N/A,N/A
4/28/2019,153.19,5155,N/A,N/A,N/A,N/A,N/A
4/29/2019,152.36,5148.25,83.68,79.46,158.75,134.94,53.35
4/30/2019,160.4,5267.43,83.82,79.56,158.28,135.03,53.34
5/1/2019,158.39,5321.15,83.57,79.32,156.69,134.02,53.06
5/2/2019,158.7,5390.01,83.35,79.26,157.1,133.73,52.98
5/3/2019,164.91,5657.4,83.49,79.3,159.74,135.05,53.52
5/4/2019,161.85,5770.01,N/A,N/A,N/A,N/A,N/A
5/5/2019,161.25,5715.86,N/A,N/A,N/A,N/A,N/A
5/6/2019,171.07,5687.9,83.66,79.38,159.65,134.48,52.87
5/7/2019,166.34,5743.3,83.88,79.45,156.55,132.28,51.97
5/8/2019,169.58,5943.6,83.65,79.4,156.01,132.06,52.02
5/9/2019,170.11,6153.09,83.81,79.45,155.6,131.68,51.6
5/10/2019,172.21,6343.14,83.79,79.46,155.9,132.27,51.98
5/11/2019,193.99,7223.21,N/A,N/A,N/A,N/A,N/A
5/12/2019,188.23,6979.76,N/A,N/A,N/A,N/A,N/A
5/13/2019,196.51,7825.41,84.1,79.61,151.23,128.98,50.68
5/14/2019,217.6,7990.92,84.01,79.59,153.04,130.12,51.19
5/15/2019,249.12,8204.24,84.27,79.67,153.63,130.97,51.35
5/16/2019,264.39,7878.96,84.14,79.62,154.71,132.19,51.59
5/17/2019,244.59,7361.1,84.17,79.62,152.94,131.37,51.16
5/18/2019,234.03,7262.4,N/A,N/A,N/A,N/A,N/A
5/19/2019,261.089,8196.59,N/A,N/A,N/A,N/A,N/A
5/20/2019,252.22,7999.54,84.01,79.59,151.56,130.48,50.96
5/21/2019,254.74,7951.7,83.95,79.53,153.72,131.61,51.3
5/22/2019,243.32,7626.48,84.13,79.59,152.41,131.27,51.13
5/23/2019,245.64,7881.98,84.45,79.76,149.9,129.61,50.61
5/24/2019,249.83,8002.21,84.45,79.74,150.83,129.87,51.02
5/25/2019,251.55,8063.81,N/A,N/A,N/A,N/A,N/A
5/26/2019,268.8,8731.96,N/A,N/A,N/A,N/A,N/A
5/27/2019,272.65,8768.62,N/A,N/A,N/A,N/A,N/A
5/28/2019,271.15,8715.36,84.76,79.84,149.54,128.7,50.7
5/29/2019,269.39,8662.44,84.7,79.88,148.53,127.83,50.53
5/30/2019,254.47,8279.69,84.99,79.94,148.46,128.2,50.71
5/31/2019,267.56,8566.04,85.4,80.13,146.92,126.47,50.45
6/1/2019,264.78,8558.95,N/A,N/A,N/A,N/A,N/A
6/2/2019,269.23,8736.54,N/A,N/A,N/A,N/A,N/A
6/3/2019,250.89,8107.96,85.44,80.19,147.23,126.05,50.76
6/4/2019,240.93,7670.96,85.35,80.13,150.88,128.83,51.26
6/5/2019,246.32,7789.48,85.47,80.21,151.4,129.98,51.14
6/6/2019,249.85,7802.57,85.4,80.12,151.57,130.77,51.26
6/7/2019,249.49,7998.13,85.68,80.23,152.51,132.09,51.85
6/8/2019,244.3,7930.14,N/A,N/A,N/A,N/A,N/A
6/9/2019,231.3,7635.06,N/A,N/A,N/A,N/A,N/A
6/10/2019,247.29,8015.69,85.4,80.13,153.47,132.76,52.06
6/11/2019,245.11,7918.17,85.39,80.11,153.09,132.7,52.4
6/12/2019,262.92,8176.02,85.5,80.19,153.12,132.4,51.94
6/13/2019,255.25,8239.04,85.75,80.26,154.38,133.08,52
6/14/2019,263.79,8697.45,85.77,80.28,153.08,132.85,51.58
6/15/2019,269.29,8860.23,N/A,N/A,N/A,N/A,N/A
6/16/2019,268.33,8978.66,N/A,N/A,N/A,N/A,N/A
6/17/2019,273.97,9331.75,85.72,80.26,153.69,132.93,51.63
6/18/2019,264.07,9071.95,85.96,80.3,155.41,134.27,52.45
6/19/2019,268.79,9277.29,86.26,80.5,156.04,134.71,52.8
6/20/2019,271.82,9531.21,86.5,80.56,156.83,135.97,53.36
6/21/2019,296.25,10220,86.26,80.49,155.74,135.74,52.54
6/22/2019,308.49,10666.8,N/A,N/A,N/A,N/A,N/A
6/23/2019,307.48,10833,N/A,N/A,N/A,N/A,N/A
6/24/2019,311,11032.3,86.47,80.54,154.3,135.47,52.59
6/25/2019,317.27,11755.5,86.5,80.59,153.27,134.19,52.22
6/26/2019,334.36,12927.4,86.21,80.48,152.85,133.98,52.38
6/27/2019,293.47,11159.2,86.49,80.56,154.67,133.99,52.55
6/28/2019,309.49,12360.4,86.5,80.53,156.66,134.72,52.75
6/29/2019,317,11865.2,N/A,N/A,N/A,N/A,N/A
6/30/2019,290.07,10760.1,N/A,N/A,N/A,N/A,N/A
7/1/2019,294.15,10577.6,86.33,80.36,157.47,135.82,53.06
7/2/2019,291.25,10829.1,86.54,80.45,156.95,136.17,53.25
7/3/2019,301.81,11976,N/A,N/A,N/A,N/A,N/A
7/4/2019,282.8,11137.8,N/A,N/A,N/A,N/A,N/A
7/5/2019,288,11004.5,86.2,80.26,158.6,137.12,53.09
7/6/2019,287.57,11237.7,N/A,N/A,N/A,N/A,N/A
7/7/2019,306.67,11474.4,N/A,N/A,N/A,N/A,N/A
7/8/2019,313.24,12293.5,86.1,80.21,157.18,136.38,52.76
7/9/2019,307.92,12561,86.02,80.18,157.34,136.61,52.56
7/10/2019,288.64,12097.9,86.14,80.31,157.63,137.23,52.8
7/11/2019,268.68,11349,85.85,80.23,157.21,137.56,52.83
7/12/2019,275.55,11802,85.93,80.3,158.44,138.23,52.87
7/13/2019,269.04,11370.1,N/A,N/A,N/A,N/A,N/A
7/14/2019,225.76,10195.6,N/A,N/A,N/A,N/A,N/A
7/15/2019,228.28,10854.4,85.99,80.27,157.95,138.28,52.96
7/16/2019,198.89,9422.71,85.87,80.23,157.89,137.8,52.79
7/17/2019,211.4,9696.31,86.25,80.36,156.8,136.93,52.69
7/18/2019,226.31,10651.4,86.42,80.49,157.36,137.42,52.86
7/19/2019,220.96,10518.5,86.3,80.38,156.64,136.63,52.69
7/20/2019,228.89,10761,N/A,N/A,N/A,N/A,N/A
7/21/2019,225.64,10590.7,N/A,N/A,N/A,N/A,N/A
7/22/2019,216.77,10323.3,86.34,80.43,156.64,136.99,52.77
7/23/2019,211.93,9840.12,86.33,80.43,157.96,137.87,53
7/24/2019,217,9767.87,86.43,80.44,160.07,138.58,53
7/25/2019,219.31,9883.34,86.29,80.39,158.42,137.93,52.51
7/26/2019,219.35,9843,86.32,80.36,159.98,138.83,52.65
7/27/2019,206.57,9479.98,N/A,N/A,N/A,N/A,N/A
7/28/2019,211.5,9532.99,N/A,N/A,N/A,N/A,N/A
7/29/2019,210.69,9495,86.39,80.39,159.03,138.59,52.67
7/30/2019,209.83,9589.01,86.3,80.4,160.23,138.25,52.1
7/31/2019,218.7,10086.3,86.37,80.4,158.54,136.76,51.7
8/1/2019,217.55,10405.9,86.95,80.53,156.11,135.55,51.32
8/2/2019,217.8,10533,87.04,80.55,154.53,134.52,50.94
8/3/2019,222.14,10820.7,N/A,N/A,N/A,N/A,N/A
8/4/2019,222.96,10977.5,N/A,N/A,N/A,N/A,N/A
8/5/2019,233,11819.4,87.53,80.76,149.96,130.46,49.55
8/6/2019,225.81,11465.4,87.69,80.79,151.73,132.19,49.97
8/7/2019,225.8,11983.7,87.66,80.8,152.12,132.44,50.19
8/8/2019,220.81,11982.4,87.82,80.8,155.28,134.93,50.77
8/9/2019,210.27,11856.1,87.61,80.74,153.4,134.06,50.38
8/10/2019,206.13,11280.9,N/A,N/A,N/A,N/A,N/A
8/11/2019,216.05,11540.7,N/A,N/A,N/A,N/A,N/A
8/12/2019,211.1,11389.3,87.98,80.86,151.26,132.43,49.89
8/13/2019,208.58,10868.5,87.72,80.74,152.99,134.37,50.44
8/14/2019,186.3,9971.71,88.06,80.82,148.62,130.49,49.02
8/15/2019,187.97,10300,88.51,81.01,148.51,130.76,49.2
8/16/2019,185.26,10352.7,88.41,81.02,151.39,132.76,49.82
8/17/2019,185.59,10215.2,N/A,N/A,N/A,N/A,N/A
8/18/2019,194.74,10315.4,N/A,N/A,N/A,N/A,N/A
8/19/2019,202.32,10920,88.16,80.94,152.75,134.26,50.06
8/20/2019,196.16,10769,88.54,81.05,151.71,133.3,49.96
8/21/2019,187.37,10130,88.38,80.98,152.94,134.41,50.34
8/22/2019,191.13,10107.1,88.28,80.93,152.82,134.36,50.15
8/23/2019,194.59,10410.8,88.65,81.08,148.81,130.94,49.47
8/24/2019,190.89,10147.9,N/A,N/A,N/A,N/A,N/A
8/25/2019,186.32,10140.9,N/A,N/A,N/A,N/A,N/A
8/26/2019,188.3,10361.6,88.55,81.05,150.11,132.31,49.85
8/27/2019,186.94,10171.8,88.95,81.15,148.45,131.76,49.8
8/28/2019,172.79,9714.31,88.9,81.16,149.82,132.72,49.9
8/29/2019,168.82,9495,88.8,81.12,152.31,134.43,50.31
8/30/2019,168.21,9582.42,88.84,81.16,152.25,134.34,50.58
8/31/2019,172.11,9600.86,N/A,N/A,N/A,N/A,N/A
9/1/2019,171.29,9766.52,N/A,N/A,N/A,N/A,N/A
9/2/2019,178.8,10381.2,N/A,N/A,N/A,N/A,N/A
9/3/2019,179.08,10628.4,88.73,81.07,150.32,133.53,50.38
9/4/2019,174.82,10582.2,88.91,81.13,151.91,135.03,51.14
9/5/2019,174,10574.7,88.4,80.94,154.42,136.82,51.53
9/6/2019,169.55,10306.9,88.44,80.94,154.04,136.92,51.69
9/7/2019,178.08,10484.3,N/A,N/A,N/A,N/A,N/A
9/8/2019,181.15,10398.9,N/A,N/A,N/A,N/A,N/A
9/9/2019,180.63,10310,88.08,80.83,154.76,136.85,51.75
9/10/2019,179.17,10084.1,87.55,80.65,155.65,136.9,51.84
9/11/2019,178.3,10160.2,87.44,80.62,157.87,137.8,52.13
9/12/2019,180.89,10423.7,87.32,80.53,157.99,138.25,52.43
9/13/2019,181.65,10367.4,86.72,80.39,157.88,138.15,52.73
9/14/2019,188.85,10360.2,N/A,N/A,N/A,N/A,N/A
9/15/2019,189.3,10304.4,N/A,N/A,N/A,N/A,N/A
9/16/2019,197.59,10262.5,87.02,80.5,158.01,137.29,52.31
9/17/2019,207.95,10185.3,87.19,80.56,157.8,137.6,52.47
9/18/2019,210.27,10155.2,87.27,80.57,157.15,137.73,52.37
9/19/2019,222.89,10287.7,87.3,80.58,156.66,137.72,52.45
9/20/2019,218.06,10168.8,87.68,80.64,156.32,137.03,52.4
9/21/2019,214.8,9975.12,N/A,N/A,N/A,N/A,N/A
9/22/2019,211.51,10026.8,N/A,N/A,N/A,N/A,N/A
9/23/2019,200.89,9693.75,87.78,80.71,156.36,137.08,52.34
9/24/2019,166.26,8530.01,88.11,80.84,154.41,135.88,51.76
9/25/2019,169.98,8438.35,87.64,80.65,155.71,136.71,51.72
9/26/2019,165.82,8068.2,87.78,80.72,154.53,136.44,51.77
9/27/2019,174.44,8193.99,87.84,80.74,153.32,135.59,51.46
9/28/2019,173.9,8217.46,N/A,N/A,N/A,N/A,N/A
9/29/2019,169.75,8052.4,N/A,N/A,N/A,N/A,N/A
9/30/2019,179.6,8304.95,88,80.79,153.89,136.33,51.66
10/1/2019,176.15,8322.73,87.95,80.77,151.29,134.65,51.19
10/2/2019,180.82,8381.71,88.2,80.93,149.41,132.26,50.39
10/3/2019,175.05,8240.41,88.52,81.14,150.42,133.43,50.78
10/4/2019,176.1,8156.67,88.73,81.11,152.08,135.19,51.12
10/5/2019,176.73,8147.63,N/A,N/A,N/A,N/A,N/A
10/6/2019,170.18,7859.79,N/A,N/A,N/A,N/A,N/A
10/7/2019,180.68,8209,88.47,81.03,151.51,134.69,50.95
10/8/2019,181.26,8180,88.63,81.1,149.04,132.52,50.52
10/9/2019,193.26,8590.01,88.33,81.02,150.04,133.78,50.92
10/10/2019,191.79,8587.5,88.05,80.91,150.59,134.66,51.3
10/11/2019,180.84,8267.33,87.67,80.78,153.19,136.12,52.12
10/12/2019,179.86,8309.03,N/A,N/A,N/A,N/A,N/A
10/13/2019,181.36,8282.96,N/A,N/A,N/A,N/A,N/A
10/14/2019,186.65,8355,87.86,80.79,152.56,135.95,51.91
10/15/2019,180.58,8162.44,87.55,80.72,154.01,137.34,52.45
10/16/2019,174.5,7993.54,87.74,80.79,153.68,137.06,52.56
10/17/2019,177.31,8076.2,87.69,80.8,155.01,137.44,52.7
10/18/2019,172.96,7954.16,87.82,80.85,154.47,136.84,52.6
10/19/2019,172.09,7965.28,N/A,N/A,N/A,N/A,N/A
10/20/2019,175.49,8236.04,N/A,N/A,N/A,N/A,N/A
10/21/2019,174.37,8209.92,87.54,80.77,155.47,137.78,52.92
10/22/2019,171.3,8024.72,87.68,80.81,155.3,137.27,52.87
10/23/2019,161.57,7474.85,87.72,80.81,155.42,137.6,53.06
10/24/2019,160.67,7430.87,87.79,80.82,155.64,137.94,53.15
10/25/2019,181.66,8668,87.66,80.76,156.31,138.58,53.26
10/26/2019,180.03,9259.78,N/A,N/A,N/A,N/A,N/A
10/27/2019,184.41,9548.84,N/A,N/A,N/A,N/A,N/A
10/28/2019,182.28,9219.94,87.4,80.67,157.48,139.37,53.49
10/29/2019,191.1,9430.79,87.39,80.68,157.8,139.27,53.4
10/30/2019,183.38,9164.45,87.67,80.79,157.54,139.69,53.6
10/31/2019,182.72,9159.48,88.11,80.97,156.43,139.29,53.43
11/1/2019,183.19,9253.12,87.86,80.79,158.8,140.64,53.95
11/2/2019,183.27,9308.51,N/A,N/A,N/A,N/A,N/A
11/3/2019,181.69,9206.52,N/A,N/A,N/A,N/A,N/A
11/4/2019,186.25,9412.53,87.55,80.67,159.79,141.14,54.26
11/5/2019,188.88,9309,87.18,80.56,159.98,140.96,54.35
11/6/2019,191.13,9341.27,87.39,80.64,159.27,140.94,54.26
11/7/2019,186.71,9205.76,86.93,80.48,159.41,141.46,54.47
11/8/2019,183.18,8763.01,86.78,80.5,160.14,141.83,54.34
11/9/2019,184.88,8810.76,N/A,N/A,N/A,N/A,N/A
11/10/2019,188.88,9038.2,N/A,N/A,N/A,N/A,N/A
11/11/2019,184.65,8721.54,86.82,80.5,160,141.62,54.16
11/12/2019,186.98,8795.77,86.89,80.51,159.96,141.89,54.1
11/13/2019,187.72,8758.34,87.1,80.6,159.55,141.93,53.9
11/14/2019,184.55,8635.01,87.39,80.67,159.83,142.18,53.84
11/15/2019,179.82,8457.48,87.38,80.65,161.03,143.19,54.2
11/16/2019,182.25,8480.79,N/A,N/A,N/A,N/A,N/A
11/17/2019,183.88,8500.01,N/A,N/A,N/A,N/A,N/A
11/18/2019,177.85,8168.84,87.51,80.74,160.73,143.3,54.23
11/19/2019,175.52,8123.36,87.54,80.75,161.02,143.33,54.19
11/20/2019,174.32,8082.96,87.8,80.77,160.52,142.84,53.91
11/21/2019,160.84,7616.46,87.57,80.71,159.73,142.61,53.81
11/22/2019,150.31,7298.18,87.65,80.7,160.11,142.98,53.92
11/23/2019,152,7330.98,N/A,N/A,N/A,N/A,N/A
11/24/2019,140.28,6908.64,N/A,N/A,N/A,N/A,N/A
11/25/2019,145.91,7127.01,87.7,80.72,162.63,144.03,54.32
11/26/2019,148.04,7172.15,87.84,80.78,163.18,144.38,54.32
11/27/2019,153,7523.72,87.73,80.71,164.26,145,54.44
11/28/2019,151.01,7432.12,N/A,N/A,N/A,N/A,N/A
11/29/2019,154.75,7760,N/A,N/A,N/A,N/A,N/A
11/30/2019,151.97,7551.99,N/A,N/A,N/A,N/A,N/A
12/1/2019,151.47,7404.27,N/A,N/A,N/A,N/A,N/A
12/2/2019,149.13,7305,87.26,80.59,161.28,143.23,53.74
12/3/2019,147.51,7298.2,87.79,80.75,160.68,142.29,53.56
12/4/2019,145.65,7213.61,87.64,80.69,161.79,143.16,54.02
12/5/2019,147.86,7394.99,87.53,80.63,161.85,143.37,54.02
12/6/2019,148.74,7540.87,87.34,80.57,163.38,144.65,54.48
12/7/2019,147.43,7500.03,N/A,N/A,N/A,N/A,N/A
12/8/2019,150.67,7529.21,N/A,N/A,N/A,N/A,N/A
12/9/2019,147.35,7341.49,87.36,80.59,162.73,144.18,54.2
12/10/2019,145.64,7226.98,87.31,80.52,162.52,144.08,54.3
12/11/2019,143.18,7194.13,87.56,80.64,162.54,144.44,54.66
12/12/2019,144.69,7189.41,87.13,80.49,163.92,145.65,55.2
12/13/2019,144.66,7248.23,87.5,80.64,163.34,145.67,55.43
12/14/2019,141.81,7071.01,N/A,N/A,N/A,N/A,N/A
12/15/2019,142.29,7112.63,N/A,N/A,N/A,N/A,N/A
12/16/2019,132.7,6884.75,87.32,80.55,164.34,146.74,55.96
12/17/2019,121.55,6615.8,87.32,80.57,164.88,146.73,55.89
12/18/2019,133.01,7294.81,87.16,80.58,165.29,146.78,55.93
12/19/2019,128.19,7150.01,87.17,80.63,165.93,147.45,55.9
12/20/2019,128.36,7182.77,87.24,80.57,166.62,148.12,55.92
12/21/2019,127.05,7143.01,N/A,N/A,N/A,N/A,N/A
12/22/2019,132.33,7515.3,N/A,N/A,N/A,N/A,N/A
12/23/2019,128.02,7323.21,86.99,80.41,166.74,148.31,55.38
12/24/2019,127.54,7232.76,N/A,N/A,N/A,N/A,N/A
12/25/2019,124.95,7195.81,N/A,N/A,N/A,N/A,N/A
12/26/2019,125.44,7195.96,87.2,80.47,166.27,148.31,55.63
12/27/2019,126.26,7240.4,87.32,80.57,165.76,148.26,55.9
12/28/2019,127.97,7300.42,N/A,N/A,N/A,N/A,N/A
12/29/2019,134.28,7389,N/A,N/A,N/A,N/A,N/A
12/30/2019,131.009,7220,87.34,80.63,165.26,147.44,55.47
12/31/2019,128.539,7177.36,87.22,80.61,165.64,147.84,55.69
1/1/2020,130.27,7177.57,N/A,N/A,N/A,N/A,N/A
1/2/2020,126.81,6946.33,87.41,80.67,165.93,149.21,56.31
1/3/2020,133.57,7308.09,87.82,80.74,165.33,148.12,55.62
1/4/2020,134.13,7347.49,N/A,N/A,N/A,N/A,N/A
1/5/2020,134.99,7342.49,N/A,N/A,N/A,N/A,N/A
1/6/2020,144.19,7770.88,87.64,80.71,165.55,148.73,55.7
1/7/2020,143.35,8168.44,87.58,80.73,165.18,148.36,55.6
1/8/2020,140.6,8045.51,87.49,80.67,165.71,149.1,55.7
1/9/2020,137.71,7813.78,87.58,80.68,166.08,150.15,55.95
1/10/2020,144.72,8170.27,87.69,80.72,165.54,149.7,55.88
1/11/2020,142.63,8021.84,N/A,N/A,N/A,N/A,N/A
1/12/2020,146.6,8165.21,N/A,N/A,N/A,N/A,N/A
1/13/2020,143.51,8104.5,87.65,80.68,166.9,150.76,56.3
1/14/2020,165.76,8822.71,87.75,80.7,167.47,150.54,56.31
1/15/2020,166.29,8808.81,87.91,80.74,167.86,150.9,56.16
1/16/2020,163.93,8714.76,87.84,80.73,169.81,152.2,56.46
1/17/2020,169.59,8899.42,87.83,80.74,169.41,152.64,56.64
1/18/2020,174.43,8909.32,N/A,N/A,N/A,N/A,N/A
1/19/2020,166.75,8697.53,N/A,N/A,N/A,N/A,N/A
1/20/2020,166.68,8619.52,N/A,N/A,N/A,N/A,N/A
1/21/2020,169.19,8722.03,88.06,80.83,168.53,152.42,56.02
1/22/2020,167.7,8653.84,88.13,80.88,168.42,152.51,56.2
1/23/2020,162.4,8385.21,88.28,80.94,168.55,152.69,56
1/24/2020,162.3,8427.26,88.48,80.98,166.58,151.25,55.68
1/25/2020,160.12,8326.81,N/A,N/A,N/A,N/A,N/A
1/26/2020,167.35,8595,N/A,N/A,N/A,N/A,N/A
1/27/2020,169.77,8895.95,88.8,81.1,164.35,148.95,54.46
1/28/2020,175.77,9394.5,88.72,81.04,166.05,150.43,54.87
1/29/2020,173.4,9290.62,88.96,81.17,165.51,150.3,54.9
1/30/2020,184.55,9503.08,89.09,81.16,165.46,150.88,54.7
1/31/2020,179.74,9334.98,89.41,81.33,162.3,148.23,53.8
2/1/2020,183.68,9382.65,N/A,N/A,N/A,N/A,N/A
2/2/2020,188.39,9323.5,N/A,N/A,N/A,N/A,N/A
2/3/2020,189.68,9290.23,89.1,81.16,163.74,149.46,53.9
2/4/2020,188.24,9164.33,88.77,81.03,166.31,151.79,54.85
2/5/2020,204,9613.82,88.58,80.96,168.23,153.29,55.35
2/6/2020,212.95,9763.01,88.6,80.96,167.77,153.84,55.48
2/7/2020,223.22,9808.04,88.89,81.08,166.01,153.09,54.93
2/8/2020,223.37,9905.64,N/A,N/A,N/A,N/A,N/A
2/9/2020,228.8,10168.8,N/A,N/A,N/A,N/A,N/A
2/10/2020,222.85,9851.78,89.07,81.12,167.06,154.2,55.04
2/11/2020,237.98,10270,88.91,81.06,168.24,154.56,55.44
2/12/2020,266.41,10351.1,88.77,81,169.4,155.47,55.84
2/13/2020,268.42,10236.4,88.82,81.03,169.83,155.39,55.41
2/14/2020,286.27,10371.3,88.95,81.09,169.74,155.63,55.38
2/15/2020,264.92,9911.21,N/A,N/A,N/A,N/A,N/A
2/16/2020,258.5,9921,N/A,N/A,N/A,N/A,N/A
2/17/2020,268.03,9700,N/A,N/A,N/A,N/A,N/A
2/18/2020,282.81,10188,89.11,81.13,169.25,155.37,55.04
2/19/2020,259.48,9600.08,89.06,81.1,169.99,156.13,55.3
2/20/2020,257.97,9622.89,89.22,81.16,170.48,155.47,54.85
2/21/2020,265.8,9700.35,89.52,81.25,168.43,153.92,54.56
2/22/2020,262.079,9668.23,N/A,N/A,N/A,N/A,N/A
2/23/2020,275.21,9966,N/A,N/A,N/A,N/A,N/A
2/24/2020,266.16,9660,89.86,81.45,163.43,148.71,52.54
2/25/2020,247.93,9304.99,90.05,81.52,157.97,144.24,51.82
2/26/2020,224.73,8778.29,90.02,81.56,155.9,143.61,51.92
2/27/2020,227.63,8812.49,90.08,81.67,150.15,137.13,50.44
2/28/2020,227.37,8708.89,90.92,81.95,148.45,136.17,50.25
2/29/2020,218.55,8556.58,N/A,N/A,N/A,N/A,N/A
3/1/2020,218.18,8522.33,N/A,N/A,N/A,N/A,N/A
3/2/2020,232.08,8915,90.63,81.87,152.6,142.5,50.8
3/3/2020,223.57,8757.84,91.53,82.23,149.07,138.52,50.34
3/4/2020,223.98,8760.66,91.62,82.33,153.78,144.34,51.64
3/5/2020,228.49,9060.93,91.9,82.4,148.56,139.55,50.4
3/6/2020,244.73,9145.77,92.22,82.51,145.58,137.16,49.65
3/7/2020,237.75,8901.37,N/A,N/A,N/A,N/A,N/A
3/8/2020,198.99,8033.54,N/A,N/A,N/A,N/A,N/A
3/9/2020,201.39,7934.52,91.91,82.5,131.72,126.56,45.73
3/10/2020,200.15,7884.87,90.79,82.08,136.33,132.85,47.5
3/11/2020,194.61,7938.05,89.67,81.79,127.56,126.16,45.14
3/12/2020,106.09,4857.1,88.12,81.57,114.12,114.3,40.29
3/13/2020,133.33,5637.6,88.62,81.46,122.64,124.45,42.85
3/14/2020,122.17,5165.25,N/A,N/A,N/A,N/A,N/A
3/15/2020,123.3,5342.64,N/A,N/A,N/A,N/A,N/A
3/16/2020,110.82,5024,89.35,81.03,106.6,109.53,38.08
3/17/2020,116.09,5331.72,87.25,80.81,111.09,116.88,40.05
3/18/2020,118.6,5413.64,85.16,79.99,101.38,110.67,37.33
3/19/2020,136.68,6186.95,83.77,78.67,104.42,110.66,37.75
3/20/2020,133.27,6201.61,84.65,80.23,101.42,105.92,37.62
3/21/2020,132.11,6198.78,N/A,N/A,N/A,N/A,N/A
3/22/2020,122.42,5834.78,N/A,N/A,N/A,N/A,N/A
3/23/2020,136.35,6499.12,86.91,80.95,98.45,102.61,36.75
3/24/2020,139,6766.65,86.72,81.22,108.47,112.59,39.83
3/25/2020,136.26,6690,87.8,81.9,111.89,114.24,41.27
3/26/2020,139,6759.85,88.18,81.86,118.06,120.11,42.89
3/27/2020,131.57,6372.36,88.67,81.8,114.46,116.75,41.41
3/28/2020,131.35,6251.82,N/A,N/A,N/A,N/A,N/A
3/29/2020,125.01,5902.05,N/A,N/A,N/A,N/A,N/A
3/30/2020,132.32,6406.4,89.08,81.95,116.79,120.46,42.18
3/31/2020,133.08,6445.67,89.33,82.18,115.44,118.43,41.96
4/1/2020,136.16,6664.85,89.05,81.85,108.43,113.24,40.36
4/2/2020,141.53,6805.12,89.09,81.97,109.19,115.75,41.29
4/3/2020,141.42,6741.99,89.07,81.78,106.26,114.04,40.43
4/4/2020,144.48,6874.77,N/A,N/A,N/A,N/A,N/A
4/5/2020,142.79,6794.49,N/A,N/A,N/A,N/A,N/A
4/6/2020,170.74,7341.56,88.97,81.91,114.97,121.64,42.5
4/7/2020,164.97,7209.62,89.23,81.98,115.63,121.83,42.79
4/8/2020,173.36,7370.11,89.49,82.14,121.24,125.97,43.21
4/9/2020,170.22,7293.24,90.6,82.57,125.77,127.99,43.9
4/10/2020,158.1,6871.91,N/A,N/A,N/A,N/A,N/A
4/11/2020,158.55,6889.65,N/A,N/A,N/A,N/A,N/A
4/12/2020,160.09,6908.13,N/A,N/A,N/A,N/A,N/A
4/13/2020,156.62,6861.21,90.69,82.51,122.4,126.8,43.74
4/14/2020,157.97,6877.37,90.7,82.61,125.15,130.59,44.51
4/15/2020,153.21,6624.12,91.27,82.73,120.51,127.85,43.26
4/16/2020,172.31,7112.78,91.25,82.7,120.09,128.63,43.27
4/17/2020,170.89,7036.25,91.21,82.71,124.9,132.02,44.4
4/18/2020,187.46,7254.33,N/A,N/A,N/A,N/A,N/A
4/19/2020,180.57,7130.71,N/A,N/A,N/A,N/A,N/A
4/20/2020,170.5,6838.19,91.11,82.6,123.1,129.85,43.76
4/21/2020,171.07,6853.68,91.08,82.59,119.79,125.72,42.82
4/22/2020,183.11,7136.84,91.08,82.55,121.58,128.7,43.69
4/23/2020,185.2,7472.45,91.18,82.62,122.58,128.59,43.59
4/24/2020,187.71,7508.67,91.18,82.58,124.56,130.43,43.95
4/25/2020,194.51,7543.29,N/A,N/A,N/A,N/A,N/A
4/26/2020,197.53,7692.05,N/A,N/A,N/A,N/A,N/A
4/27/2020,196.78,7785.73,90.87,82.56,129.27,132.44,44.57
4/28/2020,197.63,7758.4,91.14,82.57,130.6,131.69,44.89
4/29/2020,215.52,8780.01,91.39,82.7,136.24,135.27,46.07
4/30/2020,206.23,8624.28,91.28,82.68,132.24,133.79,45.15
5/1/2020,212.09,8829.42,90.97,82.56,127.63,130.29,44.06
5/2/2020,214.25,8985,N/A,N/A,N/A,N/A,N/A
5/3/2020,210.24,8905.49,N/A,N/A,N/A,N/A,N/A
5/4/2020,206.86,8883.53,91.09,82.57,128.09,130.77,44.13
5/5/2020,205.43,8989.4,91.11,82.55,129.21,131.93,44.29
5/6/2020,199.26,9157.11,90.79,82.56,128.75,131.21,44.11
5/7/2020,212.42,10000,91.09,82.6,130.95,132.86,44.65
5/8/2020,211.59,9810,90.95,82.63,135.21,135.03,45.39
5/9/2020,210.54,9558.85,N/A,N/A,N/A,N/A,N/A
5/10/2020,187.97,8741.86,N/A,N/A,N/A,N/A,N/A
5/11/2020,186.06,8601.4,90.74,82.57,134.5,135.2,45.35
5/12/2020,189.43,8796.25,90.98,82.66,130.1,132.45,44.89
5/13/2020,200.01,9318.04,91.12,82.71,125.64,130.04,44.56
5/14/2020,203.45,9799.12,91.25,82.72,126.85,131.62,44.37
5/15/2020,194.45,9312.1,91.3,82.76,128.24,132.27,44.22
5/16/2020,200.53,9383.16,N/A,N/A,N/A,N/A,N/A
5/17/2020,207.05,9666.27,N/A,N/A,N/A,N/A,N/A
5/18/2020,214.83,9728.52,91.28,82.71,135.33,136.27,45.94
5/19/2020,214.71,9776.57,91.45,82.79,133.67,134.95,45.47
5/20/2020,209.96,9516,91.76,82.85,136.69,137.18,46.24
5/21/2020,198.72,9058.71,91.78,82.76,136.95,136.27,45.78
5/22/2020,207.09,9168.84,91.86,82.84,137.55,136.6,45.45
5/23/2020,206.8,9177.95,N/A,N/A,N/A,N/A,N/A
5/24/2020,201.57,8714.4,N/A,N/A,N/A,N/A,N/A
5/25/2020,204.24,8899.31,N/A,N/A,N/A,N/A,N/A
5/26/2020,200.91,8844.42,92,82.86,141.35,138.21,46.71
5/27/2020,207.94,9208.53,92.08,82.88,144.73,140.17,47.14
5/28/2020,219.45,9561.26,92.08,82.95,142.61,140.05,47.35
5/29/2020,220.5,9427.01,92.36,83.01,142.36,140.69,47.41
5/30/2020,243.28,9689.12,N/A,N/A,N/A,N/A,N/A
5/31/2020,231.54,9446.57,N/A,N/A,N/A,N/A,N/A
6/1/2020,247.98,10210.1,92.34,82.92,144.3,141.35,48.43
6/2/2020,237.71,9522.45,92.34,82.91,145.51,142.54,49.15
6/3/2020,244.6,9655.62,92.01,82.87,149.29,144.53,50.21
6/4/2020,243.18,9788.03,91.98,82.82,148.98,143.92,49.86
6/5/2020,240.04,9624.99,91.84,82.75,153.67,147.59,50.83
6/6/2020,241.98,9660.75,N/A,N/A,N/A,N/A,N/A
6/7/2020,244.38,9744.14,N/A,N/A,N/A,N/A,N/A
6/8/2020,246.89,9783.37,91.92,82.77,156.76,149.5,51.42
6/9/2020,244.03,9763.79,92.06,82.8,153.67,148.43,50.86
6/10/2020,248.04,9896.56,92.57,82.96,150.2,147.58,50.8
6/11/2020,230.15,9268.16,92.4,82.86,139.83,139.02,48.06
6/12/2020,237.53,9454,92.41,82.85,142.79,140.82,48.99
6/13/2020,238.17,9475,N/A,N/A,N/A,N/A,N/A
6/14/2020,231.34,9333.45,N/A,N/A,N/A,N/A,N/A
6/15/2020,230.98,9427.86,92.87,83.05,145.52,142.16,49.04
6/16/2020,235.29,9526.25,92.96,83,148.44,144.81,49.6
6/17/2020,233.71,9457.51,92.92,83,146.71,144.21,49.73
6/18/2020,231.05,9382.01,92.9,82.98,146.58,144.34,49.62
6/19/2020,228.66,9279.4,92.95,83,145.96,143.64,49.42
6/20/2020,228.8,9355.74,N/A,N/A,N/A,N/A,N/A
6/21/2020,227.81,9286.14,N/A,N/A,N/A,N/A,N/A
6/22/2020,243.21,9697.17,92.87,83.01,146.69,144.52,49.8
6/23/2020,243.05,9623.56,92.9,83.02,147.17,145.2,50.1
6/24/2020,234.44,9274.04,92.83,83.03,142.34,141.5,49.02
6/25/2020,232.29,9244.77,92.89,83.03,143.92,142.36,49.52
6/26/2020,229.41,9155,92.94,83.06,140.71,138.96,48.87
6/27/2020,220.57,9002.51,N/A,N/A,N/A,N/A,N/A
6/28/2020,224.76,9124.04,N/A,N/A,N/A,N/A,N/A
6/29/2020,227.81,9184.45,93.16,83.09,143.87,141.07,49.26
6/30/2020,225.7,9136.2,93.19,83.12,145.72,143,49.17
7/1/2020,231.03,9239.96,93.08,83.02,145.24,144.11,49.42
7/2/2020,226.48,9091.53,93.21,83.08,145.9,144.77,50.15
7/3/2020,225.08,9063.87,N/A,N/A,N/A,N/A,N/A
7/4/2020,229.34,9134.23,N/A,N/A,N/A,N/A,N/A
7/5/2020,227.67,9073.49,N/A,N/A,N/A,N/A,N/A
7/6/2020,241.7,9343.18,93.23,83.03,147.27,147.14,51.27
7/7/2020,238.98,9253.94,93.21,83.06,144.8,145.63,50.56
7/8/2020,247.01,9435.28,93.24,83.04,145.97,146.94,51.21
7/9/2020,242,9237.32,93.41,83.04,144.04,146.19,50.76
7/10/2020,241.2,9289.81,93.28,83.04,145.7,147.7,51.02
7/11/2020,239.17,9235.21,N/A,N/A,N/A,N/A,N/A
7/12/2020,242.81,9292.6,N/A,N/A,N/A,N/A,N/A
7/13/2020,239.44,9242.31,93.29,83.05,143.34,146.13,50.69
7/14/2020,240.43,9256.94,93.43,83.08,145.48,148.08,51.26
7/15/2020,238.33,9190.16,93.48,83.09,150.05,149.51,51.71
7/16/2020,233.41,9130.11,93.52,83.11,149.37,148.91,51.25
7/17/2020,232.7,9152.64,93.64,83.13,149.88,149.47,51.54
7/18/2020,235.8,9175.85,N/A,N/A,N/A,N/A,N/A
7/19/2020,239.19,9214.74,N/A,N/A,N/A,N/A,N/A
7/20/2020,236.1,9163.75,93.69,83.12,149.88,150.82,51.89
7/21/2020,245.88,9392.79,93.82,83.17,151.26,151.08,52.18
7/22/2020,264.28,9535.99,93.9,83.18,152.24,151.84,52.2
7/23/2020,275.3,9613.24,93.97,83.14,152.1,149.91,51.8
7/24/2020,279.58,9543.79,93.86,83.14,150.23,148.99,51.61
7/25/2020,305.01,9696.19,N/A,N/A,N/A,N/A,N/A
7/26/2020,310.85,9941,N/A,N/A,N/A,N/A,N/A
7/27/2020,321.91,11020,93.77,83.12,151.7,150.1,52.35
7/28/2020,317.24,10923.9,93.83,83.14,150.34,149.14,51.98
7/29/2020,317.82,11098.8,94.08,83.2,153.66,150.98,52.64
7/30/2020,334.65,11119.6,94.11,83.24,153.37,150.55,51.98
7/31/2020,346.36,11342.5,94.23,83.3,152.42,151.55,51.21
8/1/2020,387.4,11810,N/A,N/A,N/A,N/A,N/A
8/2/2020,372.21,11068.5,N/A,N/A,N/A,N/A,N/A
8/3/2020,386.22,11252.4,94.12,83.17,154.5,152.8,51.95
8/4/2020,389.82,11197,94.33,83.21,155.25,153.4,52.35
8/5/2020,400.99,11756.7,94.21,83.16,157.35,154.36,52.66
8/6/2020,395.28,11773.8,94.37,83.19,157.02,155.27,52.82
8/7/2020,379.75,11606.5,94.17,83.15,158.04,155.21,52.35
8/8/2020,393.33,11774.9,N/A,N/A,N/A,N/A,N/A
8/9/2020,390.41,11688.4,N/A,N/A,N/A,N/A,N/A
8/10/2020,395.69,11876.2,94.14,83.18,158.79,155.64,52.51
8/11/2020,378.88,11388.9,93.81,83.09,158.1,154.23,52.63
8/12/2020,387.45,11571.6,93.7,83.07,158.81,156.45,53.59
8/13/2020,426.11,11788.4,93.4,83.01,158.73,156.42,53.36
8/14/2020,437.54,11767.5,93.38,83.05,158.56,156.33,53.1
8/15/2020,433.27,11859.2,N/A,N/A,N/A,N/A,N/A
8/16/2020,433.7,11907.7,N/A,N/A,N/A,N/A,N/A
8/17/2020,431.33,12305.5,93.5,83.05,159.36,157.06,53.6
8/18/2020,422.41,11950,93.68,83.11,158.16,157.42,53.58
8/19/2020,408.22,11747.7,93.53,83.14,157.69,156.71,53.25
8/20/2020,415.92,11864.2,93.72,83.14,156.98,157.45,53.11
8/21/2020,388.05,11507.2,93.79,83.12,156.4,157.89,52.99
8/22/2020,395.95,11684.5,N/A,N/A,N/A,N/A,N/A
8/23/2020,390.67,11650,N/A,N/A,N/A,N/A,N/A
8/24/2020,407.98,11753.8,93.73,83.11,158.16,159.4,53.6
8/25/2020,383.33,11324.9,93.54,83.06,158.36,159.97,53.8
8/26/2020,386.1,11463.2,93.51,83.09,158.05,161.73,54.08
8/27/2020,382.03,11329.1,93.35,83.07,158.83,162.19,53.61
8/28/2020,395.25,11535,93.48,83.13,159.94,163.15,54.1
8/29/2020,398.58,11474.3,N/A,N/A,N/A,N/A,N/A
8/30/2020,428.94,11716,N/A,N/A,N/A,N/A,N/A
8/31/2020,433.89,11655,93.65,83.16,158.46,163.11,53.48
9/1/2020,475.57,11929.8,93.74,83.09,160.3,164.49,53.8
9/2/2020,440.67,11405.6,93.81,83.09,162.04,166.66,54.25
9/3/2020,382.87,10264.1,93.89,83.08,156.74,160.87,53.07
9/4/2020,388.76,10483.5,93.44,83,155.7,159.47,53.18
9/5/2020,335.25,10168.3,N/A,N/A,N/A,N/A,N/A
9/6/2020,352.77,10257.8,N/A,N/A,N/A,N/A,N/A
9/7/2020,351.57,10375,N/A,N/A,N/A,N/A,N/A
9/8/2020,337.48,10125.6,93.47,83.01,152.36,154.83,52.42
9/9/2020,350.68,10216.4,93.51,83.04,154.55,157.91,53.31
9/10/2020,368.06,10344.2,93.52,83.03,152.67,155.37,52.65
9/11/2020,373.61,10383.9,93.65,83.06,151.94,155.29,53.14
9/12/2020,387.81,10445.2,N/A,N/A,N/A,N/A,N/A
9/13/2020,366.58,10323.3,N/A,N/A,N/A,N/A,N/A
9/14/2020,376.32,10671.4,93.64,83.06,155.77,157.61,53.6
9/15/2020,364.2,10783.7,93.67,83.07,156.34,158.59,53.97
9/16/2020,365.23,10959.6,93.67,83.07,157.12,157.94,53.89
9/17/2020,389.45,10943.6,93.67,83.04,156.2,156.51,53.87
9/18/2020,384.64,10937.5,93.63,83.04,155.14,154.87,53.47
9/19/2020,385.03,11080,N/A,N/A,N/A,N/A,N/A
9/20/2020,370.69,10920.8,N/A,N/A,N/A,N/A,N/A
9/21/2020,340.11,10414.4,93.63,83.01,151.39,153.34,52.12
9/22/2020,344.26,10532.8,93.65,83.04,152.74,154.86,52.02
9/23/2020,320.63,10235.1,93.46,82.99,149.11,151.16,51.39
9/24/2020,349.14,10740,93.37,82.96,148.88,151.42,51.3
9/25/2020,352.11,10690.5,93.41,82.96,150.83,153.37,51.49
9/26/2020,354.99,10735.6,N/A,N/A,N/A,N/A,N/A
9/27/2020,357.25,10770,N/A,N/A,N/A,N/A,N/A
9/28/2020,353.91,10695.5,93.51,83.04,154.01,155.93,52.19
9/29/2020,359.9,10840.4,93.6,83.05,153.2,155.24,52.12
9/30/2020,359.38,10779.6,93.48,83.05,153.8,156.44,52.17
10/1/2020,352.75,10612.4,93.38,82.95,156,157.61,52.59
10/2/2020,345.7,10573.1,93.34,82.92,156.78,156.06,52.36
10/3/2020,346.18,10551.6,N/A,N/A,N/A,N/A,N/A
10/4/2020,352.48,10671.1,N/A,N/A,N/A,N/A,N/A
10/5/2020,353.81,10795,93.02,82.9,160.31,158.67,53.13
10/6/2020,340.78,10606.1,93.09,82.86,159.93,156.57,52.75
10/7/2020,341.68,10670.4,93.04,82.85,163.03,159.13,53.28
10/8/2020,350.73,10906.3,93.15,82.87,165.01,160.59,53.65
10/9/2020,365.36,11067,93.22,82.9,165.78,162.06,54.02
10/10/2020,370.89,11302.9,N/A,N/A,N/A,N/A,N/A
10/11/2020,374.38,11381.7,N/A,N/A,N/A,N/A,N/A
10/12/2020,386.74,11535.4,93.32,82.91,166.92,164.53,54.34
10/13/2020,380.99,11429.9,93.37,82.96,165.74,163.8,53.87
10/14/2020,379.62,11427.7,93.48,82.95,165,162.69,53.69
10/15/2020,377.37,11500.1,93.32,82.93,166.1,162.5,53.13
10/16/2020,365.57,11328.9,93.34,82.95,165.64,162.37,53.35
10/17/2020,368.64,11367.8,N/A,N/A,N/A,N/A,N/A
10/18/2020,378.58,11514.2,N/A,N/A,N/A,N/A,N/A
10/19/2020,379.36,11760.4,93.19,82.89,163.68,159.84,53.11
10/20/2020,368.81,11923.8,93.12,82.9,164.32,160.46,53.51
10/21/2020,392.28,12844.4,93.02,82.9,163,159.98,53.36
10/22/2020,414.7,12986.8,92.87,82.88,165.64,160.99,53.37
10/23/2020,409.52,12937,92.98,82.9,166.67,161.41,53.67
10/24/2020,412.62,13128.3,N/A,N/A,N/A,N/A,N/A
10/25/2020,406.37,13041.6,N/A,N/A,N/A,N/A,N/A
10/26/2020,393.86,13085.1,93.08,82.9,163.03,158.58,52.77
10/27/2020,405.91,13793.7,93.26,82.93,161.48,158.05,52.58
10/28/2020,388.63,13285.8,93.13,82.93,156.73,152.65,51.08
10/29/2020,387.6,13456.5,92.9,82.86,158.4,154.18,51.39
10/30/2020,383.37,13571.2,92.69,82.83,157.11,152.54,50.97
10/31/2020,386.99,13803.2,N/A,N/A,N/A,N/A,N/A
11/1/2020,395.89,13748,N/A,N/A,N/A,N/A,N/A
11/2/2020,383.33,13562.7,92.69,82.74,159.62,154,51.68
11/3/2020,388.32,14035.8,92.55,82.72,163.48,156.75,52.68
11/4/2020,403.18,14161.4,93.3,82.85,164.53,160.56,53.5
11/5/2020,417.12,15608.2,93.32,82.84,168.71,163.77,54.66
11/6/2020,456.66,15599.9,93.16,82.81,167.57,163.86,54.83
11/7/2020,435.85,14834,N/A,N/A,N/A,N/A,N/A
11/8/2020,454.98,15502.9,N/A,N/A,N/A,N/A,N/A
11/9/2020,444.44,15317.6,92.76,82.71,172.59,165.28,55.98
11/10/2020,450.57,15315,92.62,82.67,174.22,164.76,56.16
11/11/2020,463.88,15701.3,92.65,82.73,174.39,166.16,56.55
11/12/2020,462.36,16276.6,93.02,82.77,171.85,164.78,55.79
11/13/2020,477.48,16333.8,93.03,82.78,175.31,166.7,56.57
11/14/2020,461.16,16082,N/A,N/A,N/A,N/A,N/A
11/15/2020,449.04,15979.5,N/A,N/A,N/A,N/A,N/A
11/16/2020,461.74,16743,93.07,82.8,178.92,168.73,57.28
11/17/2020,482.56,17686.6,93.24,82.82,179.58,168.22,57.28
11/18/2020,480,17845.5,93.23,82.8,177.33,166.34,57.01
11/19/2020,471.97,17842,93.33,82.82,179.07,167.17,57.34
11/20/2020,510.43,18656,93.44,82.84,179.04,166.23,57.52
11/21/2020,551.21,18718.8,N/A,N/A,N/A,N/A,N/A
11/22/2020,557.05,18426.2,N/A,N/A,N/A,N/A,N/A
11/23/2020,609.58,18398.9,93.32,82.84,181.96,167.25,57.6
11/24/2020,602.9,19129.3,93.27,82.86,184.78,169.95,58.45
11/25/2020,571.02,18769.4,93.34,82.86,184.02,169.98,58.25
11/26/2020,520.23,17076,N/A,N/A,N/A,N/A,N/A
11/27/2020,519.07,17153.9,N/A,N/A,N/A,N/A,N/A
11/28/2020,537.74,17723.5,N/A,N/A,N/A,N/A,N/A
11/29/2020,575.38,18190,N/A,N/A,N/A,N/A,N/A
11/30/2020,613.33,19684,93.62,82.91,181.9,169.49,57.4
12/1/2020,589.88,18870.8,93.16,82.75,183.65,171.5,58.7
12/2/2020,598.45,19204.6,93.05,82.73,183.6,171.78,58.74
12/3/2020,617.33,19465.1,93.21,82.81,185.11,171.86,59.01
12/4/2020,571.7,18739.5,93.03,82.8,188.57,173.45,59.55
12/5/2020,595.85,19135.9,N/A,N/A,N/A,N/A,N/A
12/6/2020,601.58,19348.4,N/A,N/A,N/A,N/A,N/A
12/7/2020,591.92,19202.1,93.17,82.82,188.09,173.25,59.25
12/8/2020,553.95,18319.7,93.21,82.82,189.73,173.86,59.4
12/9/2020,573.54,18559.9,92.97,82.77,188.64,172,59.33
12/10/2020,559.99,18279,93.2,82.85,190.23,172.15,59.59
12/11/2020,544.24,18056.7,93.34,82.9,189.63,171.93,59.3
12/12/2020,568.56,18811.5,N/A,N/A,N/A,N/A,N/A
12/13/2020,590.4,19168.5,N/A,N/A,N/A,N/A,N/A
12/14/2020,586.51,19272.3,93.38,82.87,189.34,171.39,59.31
12/15/2020,589.4,19452.5,93.37,82.89,193.07,173.6,59.95
12/16/2020,637.92,21359.6,93.34,82.89,192.68,173.81,60.1
12/17/2020,643.54,22826.4,93.37,82.89,194.7,175.04,60.52
12/18/2020,654.66,23140.3,93.36,82.91,193.84,174.68,60.28
12/19/2020,659.02,23874.5,N/A,N/A,N/A,N/A,N/A
12/20/2020,638.4,23530,N/A,N/A,N/A,N/A,N/A
12/21/2020,611.02,22729.4,93.31,82.89,193.85,174.18,58.95
12/22/2020,635.75,23825.9,93.45,82.91,195.48,173.99,58.78
12/23/2020,584.15,23224.3,92.62,82.83,196.91,173.97,59.33
12/24/2020,612.24,23719.4,N/A,N/A,N/A,N/A,N/A
12/25/2020,626.75,24703.3,N/A,N/A,N/A,N/A,N/A
12/26/2020,636.04,26475.3,N/A,N/A,N/A,N/A,N/A
12/27/2020,684.12,26258.6,N/A,N/A,N/A,N/A,N/A
12/28/2020,729.74,27038,92.7,82.84,194.92,174.93,59.72
12/29/2020,731.76,27394.4,92.81,82.86,192.79,174.74,60.22
12/30/2020,753.43,28897.4,92.85,82.86,194.81,174.96,60.55
12/31/2020,738.42,28990,92.85,82.9,194.68,175.74,60.16
1/1/2021,730.99,29388.3,N/A,N/A,N/A,N/A,N/A
1/2/2021,775.3,32149.9,N/A,N/A,N/A,N/A,N/A
1/3/2021,980.44,33086.2,N/A,N/A,N/A,N/A,N/A
1/4/2021,1042.41,32023.9,92.83,82.89,191.53,173.39,60.52
1/5/2021,1102.88,34085.6,92.7,82.85,194.27,174.58,61.4
1/6/2021,1204.13,36825,92.29,82.77,200.53,175.31,61.73
1/7/2021,1228.18,39505.5,92.17,82.76,203.84,178.09,61.99
1/8/2021,1217.5,40675.8,91.98,82.72,203.76,179.26,62.78
1/9/2021,1281.58,40257.4,N/A,N/A,N/A,N/A,N/A
1/10/2021,1263.25,38171.5,N/A,N/A,N/A,N/A,N/A
1/11/2021,1093.75,35481.7,91.79,82.72,203.76,178.11,61.95
1/12/2021,1050.09,34039,91.82,82.73,206.8,178.14,62.27
1/13/2021,1130.46,37369,92.09,82.78,205.56,178.58,62.26
1/14/2021,1218.55,39133.1,92.03,82.77,208.14,177.97,62.81
1/15/2021,1168.09,36760,92.1,82.76,205.36,176.69,61.85
1/16/2021,1234.57,36200.6,N/A,N/A,N/A,N/A,N/A
1/17/2021,1233.9,35824.3,N/A,N/A,N/A,N/A,N/A
1/18/2021,1258.48,36700,N/A,N/A,N/A,N/A,N/A
1/19/2021,1368.04,35922.7,92.14,82.79,207.73,178.06,62.47
1/20/2021,1387.96,35497.3,92.16,82.8,208.99,180.49,63.15
1/21/2021,1116.41,30854.7,92.1,82.83,207.43,180.7,63.23
1/22/2021,1233.59,32983.5,92.1,82.79,208.35,180.16,62.8
1/23/2021,1234.55,32114.2,N/A,N/A,N/A,N/A,N/A
1/24/2021,1393.47,32288.5,N/A,N/A,N/A,N/A,N/A
1/25/2021,1318.45,32277.4,92.3,82.85,207.65,180.87,62.89
1/26/2021,1353.84,32597.3,92.34,82.83,205.77,180.33,62.77
1/27/2021,1241.03,30417.7,92.41,82.85,200.98,175.76,61.31
1/28/2021,1332.14,33488.8,92.25,82.81,202.26,177.54,61.74
1/29/2021,1379.87,34190.5,92.17,82.85,198.59,174.25,60.31
1/30/2021,1379.42,34361.5,N/A,N/A,N/A,N/A,N/A
1/31/2021,1317.58,33224.6,N/A,N/A,N/A,N/A,N/A
2/1/2021,1374.85,33533.1,92.09,82.76,202.84,176.9,61.4
2/2/2021,1513.8,35512.6,91.95,82.75,205.64,179.74,62.14
2/3/2021,1666,37552.5,91.87,82.72,206.21,179.81,62.37
2/4/2021,1598.27,37000.2,91.93,82.73,209.53,181.95,62.43
2/5/2021,1720.01,38311.4,91.84,82.74,211.94,182.81,62.86
2/6/2021,1679.77,39267.8,N/A,N/A,N/A,N/A,N/A
2/7/2021,1615.87,38871.4,N/A,N/A,N/A,N/A,N/A
2/8/2021,1752.98,46375.9,91.83,82.74,215.74,184.14,63.25
2/9/2021,1771.44,46517.4,91.87,82.75,216.29,184.09,63.68
2/10/2021,1743.76,44850,92.04,82.77,215.9,184.06,63.6
2/11/2021,1787.77,47997.9,91.98,82.78,216.77,184.36,64.08
2/12/2021,1845,47431.2,91.75,82.75,217.9,185.4,64.39
2/13/2021,1818.01,47239.8,N/A,N/A,N/A,N/A,N/A
2/14/2021,1803.75,48680.6,N/A,N/A,N/A,N/A,N/A
2/15/2021,1779.61,47936.3,N/A,N/A,N/A,N/A,N/A
2/16/2021,1783.39,49158.7,91.2,82.68,216.62,185.17,64.68
2/17/2021,1852,52173.5,91.36,82.7,215.48,184.98,64.4
2/18/2021,1938.92,51601.7,91.32,82.71,212.64,184.35,63.86
2/19/2021,1960.57,55971.5,90.99,82.66,216.42,183.95,64.22
2/20/2021,1915.46,56104.9,N/A,N/A,N/A,N/A,N/A
2/21/2021,1935.57,57489.1,N/A,N/A,N/A,N/A,N/A
2/22/2021,1778.7,54141.9,90.82,82.63,214.68,182.31,63.54
2/23/2021,1577.83,48899.9,90.91,82.65,213.91,182.38,63.7
2/24/2021,1625.2,49737.8,90.87,82.63,218.14,184.11,63.72
2/25/2021,1473,47135.4,89.67,82.31,211.02,179.63,62.57
2/26/2021,1445.18,46320.7,90.32,82.43,210.84,178.78,61.7
2/27/2021,1462.63,46189.9,N/A,N/A,N/A,N/A,N/A
2/28/2021,1422.02,45260.1,N/A,N/A,N/A,N/A,N/A
3/1/2021,1569.09,49593.8,90.29,82.41,217.07,183.22,63.05
3/2/2021,1489.57,48513,90.35,82.45,213.59,181.62,62.8
3/3/2021,1576.31,50368.2,89.91,82.36,211,178.85,62.5
3/4/2021,1539.56,48533,89.53,82.27,206.13,176.48,61.7
3/5/2021,1529.09,48879.2,89.39,82.25,209.96,179.67,62.16
3/6/2021,1650.54,48909.8,N/A,N/A,N/A,N/A,N/A
3/7/2021,1728.94,50941.2,N/A,N/A,N/A,N/A,N/A
3/8/2021,1834.58,52304.2,88.82,82.08,210.27,178.57,61.51
3/9/2021,1871.99,54916.3,89.24,82.14,213,181.32,62.46
3/10/2021,1798.15,55972.8,89.41,82.2,215.48,182.4,62.63
3/11/2021,1826.02,57797,89.46,82.26,219.82,184.64,63.51
3/12/2021,1768.86,57271.2,88.95,82.18,221.23,184.76,63.31
3/13/2021,1924.4,61283.8,N/A,N/A,N/A,N/A,N/A
3/14/2021,1860.49,59423,N/A,N/A,N/A,N/A,N/A
3/15/2021,1786.9,55743.9,89.03,82.2,223.48,185.98,63.44
3/16/2021,1805.84,56919.2,89.11,82.23,220.44,185.63,63.59
3/17/2021,1824.74,58927.5,89.12,82.29,221.84,186.2,63.85
3/18/2021,1776.4,57644.9,88.65,82.2,216.18,183.29,63.1
3/19/2021,1807.31,58050.6,88.61,82.18,217.39,183.13,63.42
3/20/2021,1806.72,58126.1,N/A,N/A,N/A,N/A,N/A
3/21/2021,1785.88,57465.1,N/A,N/A,N/A,N/A,N/A
3/22/2021,1681.67,54100,88.82,82.2,216.25,184.53,63.26
3/23/2021,1668.09,54582.7,89.11,82.27,210.07,183.07,62.3
3/24/2021,1581.76,52267,89.12,82.27,206.87,181.83,61.63
3/25/2021,1587.08,51325,89.18,82.31,210.35,182.18,62.03
3/26/2021,1700.1,55072.4,88.92,82.26,214.12,185.03,63.05
3/27/2021,1713.88,55880.1,N/A,N/A,N/A,N/A,N/A
3/28/2021,1686.92,55778.8,N/A,N/A,N/A,N/A,N/A
3/29/2021,1815.73,57613.1,88.73,82.23,209.98,184.83,62.7
3/30/2021,1841.16,58786.4,88.72,82.2,212.57,184.35,62.72
3/31/2021,1913.84,58800,88.73,82.19,214.08,185.3,62.7
4/1/2021,1968.38,58726.4,88.54,82.12,217.38,187.36,63.55
4/2/2021,2132.83,58978.5,N/A,N/A,N/A,N/A,N/A
4/3/2021,2009.25,57094.3,N/A,N/A,N/A,N/A,N/A
4/4/2021,2076.36,58200.2,N/A,N/A,N/A,N/A,N/A
4/5/2021,2100.25,59123,88.27,82.08,218.22,190.02,64.25
4/6/2021,2115.25,58014.5,88.64,82.18,218.51,189.95,63.88
4/7/2021,1972.4,55955.7,88.67,82.21,216.09,190.22,63.73
4/8/2021,2081.29,58019.8,88.93,82.25,217.44,191.33,64.13
4/9/2021,2066.03,58092.6,88.79,82.19,217.96,192.73,64.12
4/10/2021,2132.92,59778.6,N/A,N/A,N/A,N/A,N/A
4/11/2021,2150.54,59989.2,N/A,N/A,N/A,N/A,N/A
4/12/2021,2141.08,59886.1,88.72,82.16,218.2,192.57,63.74
4/13/2021,2300.02,63588.2,89.01,82.23,218.13,193.5,64.11
4/14/2021,2432.54,62624.5,88.94,82.22,219.41,192.66,64.28
4/15/2021,2516.11,63237,89.36,82.29,220.67,194.92,64.72
4/16/2021,2426.64,61427.2,89.1,82.26,221.61,195.46,65.15
4/17/2021,2324.73,60141.1,N/A,N/A,N/A,N/A,N/A
4/18/2021,2243.34,56274.4,N/A,N/A,N/A,N/A,N/A
4/19/2021,2163.82,55670.9,89.03,82.26,219.37,194.36,64.95
4/20/2021,2328.54,56423,89.25,82.29,215.85,192.84,64.05
4/21/2021,2357.73,53808.7,89.3,82.29,220.16,194.71,64.66
4/22/2021,2399.98,51701.5,89.34,82.32,219.21,192.9,64.39
4/23/2021,2365.17,51076,89.28,82.31,222.96,195.2,65.12
4/24/2021,2211.31,50046.4,N/A,N/A,N/A,N/A,N/A
4/25/2021,2308.32,49059.5,N/A,N/A,N/A,N/A,N/A
4/26/2021,2533.96,54017.2,89.26,82.29,225.24,195.63,65.2
4/27/2021,2655.63,55046.7,89.02,82.26,225.4,195.66,65.1
4/28/2021,2751.22,54894,89.08,82.29,225.69,195.41,65.37
4/29/2021,2758.92,53583.6,89.04,82.29,225.43,196.57,65.36
4/30/2021,2775.48,57885.2,89.1,82.31,222.49,195.26,64.44
5/1/2021,2948.92,57858.2,N/A,N/A,N/A,N/A,N/A
5/2/2021,2952.39,56625.1,N/A,N/A,N/A,N/A,N/A
5/3/2021,3433.99,57197.5,89.05,82.24,223.03,195.42,64.99
5/4/2021,3240.74,53241.9,89.17,82.25,221.27,193.99,64.15
5/5/2021,3530,57515.6,89.28,82.32,220.86,193.85,64.81
5/6/2021,3497.13,56444.5,89.35,82.3,221.1,195.12,65.31
5/7/2021,3490,57392.4,89.43,82.36,223.56,196.68,66.08
5/8/2021,3917.5,58958,N/A,N/A,N/A,N/A,N/A
5/9/2021,3922.36,58238.4,N/A,N/A,N/A,N/A,N/A
5/10/2021,3949.21,55804.8,89.26,82.33,219.85,194.78,65.54
5/11/2021,4179.81,56755.9,89.15,82.29,218.43,193.14,64.83
5/12/2021,3826.64,49498.7,88.75,82.23,211.77,188.82,63.56
5/13/2021,3727.31,49694.4,89.04,82.29,214.8,190.95,63.9
5/14/2021,4080.51,49961.6,89.16,82.31,219.7,194.04,64.97
5/15/2021,3649.36,46795.7,N/A,N/A,N/A,N/A,N/A
5/16/2021,3585.66,46450.7,N/A,N/A,N/A,N/A,N/A
5/17/2021,3283.32,43580.5,89.14,82.3,219.39,193.51,64.87
5/18/2021,3376.88,42857.1,89.13,82.32,217.73,192,65.26
5/19/2021,2458.54,36941,88.9,82.28,216.27,191.43,64.8
5/20/2021,2775.07,40623.2,89.22,82.34,217.59,193.76,65.5
5/21/2021,2418.64,37340.7,89.25,82.34,217.86,193.63,65.32
5/22/2021,2300.01,37596.1,N/A,N/A,N/A,N/A,N/A
5/23/2021,2114.38,34742.5,N/A,N/A,N/A,N/A,N/A
5/24/2021,2651.24,38878.5,89.3,82.36,219.46,195.62,65.79
5/25/2021,2684.47,38200,89.61,82.4,217.92,195.25,65.97
5/26/2021,2889.84,39293.2,89.5,82.39,220.67,195.73,66.12
5/27/2021,2743.13,38556.8,89.39,82.36,222.63,195.73,66.27
5/28/2021,2422.52,35670.5,89.45,82.4,222.58,196.18,66.42
5/29/2021,2280.53,34618.7,N/A,N/A,N/A,N/A,N/A
5/30/2021,2388.46,35646.4,N/A,N/A,N/A,N/A,N/A
5/31/2021,2706.58,37271.8,N/A,N/A,N/A,N/A,N/A
6/1/2021,2634.42,36685,89.3,82.3,224.56,195.99,67.05
6/2/2021,2706.32,37581.8,89.42,82.32,224.77,196.28,67.2
6/3/2021,2856.68,39244.9,89.13,82.24,223.04,195.43,66.69
6/4/2021,2688.89,36952.8,89.55,82.33,224.11,197.24,67.33
6/5/2021,2621.04,35530.6,N/A,N/A,N/A,N/A,N/A
6/6/2021,2710.97,35800.4,N/A,N/A,N/A,N/A,N/A
6/7/2021,2592.46,33583.3,89.49,82.32,225.6,197.19,67.38
6/8/2021,2510.26,33416.6,89.72,82.35,228.05,197.26,67.27
6/9/2021,2611,37373,89.92,82.37,226.54,196.96,67.04
6/10/2021,2471.58,36694,90.15,82.43,225.88,197.89,67.34
6/11/2021,2355.27,37349.9,90.12,82.39,227.78,198.43,67.42
6/12/2021,2372.91,35517.3,N/A,N/A,N/A,N/A,N/A
6/13/2021,2508.63,39015.2,N/A,N/A,N/A,N/A,N/A
6/14/2021,2582.69,40530.6,89.88,82.35,226.74,198.91,67.5
6/15/2021,2549.32,40242.3,89.93,82.34,225.9,198.38,67.44
6/16/2021,2368.46,38351,89.36,82.16,225.24,197.38,66.86
6/17/2021,2373.33,38094.7,89.61,82.13,222.39,197.6,66.55
6/18/2021,2229.57,35767.7,89.93,82.1,218.33,195.15,65.49
6/19/2021,2164.71,35484.7,N/A,N/A,N/A,N/A,N/A
6/20/2021,2239.61,35631,N/A,N/A,N/A,N/A,N/A
6/21/2021,1885.67,31608.1,89.71,82.1,223.04,197.72,65.73
6/22/2021,1861.77,32538.3,89.86,82.17,223.69,198.82,65.72
6/23/2021,1968.34,33674.2,89.72,82.12,224.15,198.71,65.52
6/24/2021,1988.81,34654.5,89.78,82.11,226.02,199.35,66.11
6/25/2021,1819.55,31596.6,89.64,82.09,227.35,200,66.41
6/26/2021,1829.17,32275.1,N/A,N/A,N/A,N/A,N/A
6/27/2021,1984.71,34709.2,N/A,N/A,N/A,N/A,N/A
6/28/2021,2083.79,34493.2,89.83,82.13,225.69,200.57,66.14
6/29/2021,2166.17,35904.2,89.94,82.15,225.37,200.71,66.12
6/30/2021,2272.98,35069.6,89.96,82.16,225.28,200.75,65.68
7/1/2021,2116.1,33524.5,89.79,82.06,226.86,201.7,65.74
7/2/2021,2156,33805,90.02,82.12,225.89,203.18,65.83
7/3/2021,2227.01,34682.1,N/A,N/A,N/A,N/A,N/A
7/4/2021,2323.15,35312.8,N/A,N/A,N/A,N/A,N/A
7/5/2021,2198.62,33764.3,N/A,N/A,N/A,N/A,N/A
7/6/2021,2321.84,34111.9,90.37,82.19,223.43,202.96,65.29
7/7/2021,2312.61,33878.5,90.57,82.23,222.36,203.54,65.5
7/8/2021,2116.94,32854.1,90.73,82.29,220.02,201.87,64.5
7/9/2021,2149.96,33824.2,90.43,82.23,224.65,204.03,65.61
7/10/2021,2110.03,33515.3,N/A,N/A,N/A,N/A,N/A
7/11/2021,2140.82,34259.2,N/A,N/A,N/A,N/A,N/A
7/12/2021,2031.96,33091.1,90.34,82.18,225.03,204.68,65.75
7/13/2021,1932.37,32577.5,90.1,82.11,221.33,203.88,65.56
7/14/2021,1994.11,32816.3,90.42,82.19,218.82,203.92,65.67
7/15/2021,1918.07,31868.6,90.62,82.21,217.74,203.3,65.33
7/16/2021,1876.99,31381.1,90.62,82.18,215.3,201.86,64.83
7/17/2021,1902.57,31576.2,N/A,N/A,N/A,N/A,N/A
7/18/2021,1891.46,31788.2,N/A,N/A,N/A,N/A,N/A
7/19/2021,1818.45,30842,91.15,82.3,211.9,199.12,63.73
7/20/2021,1786.46,29789.9,91.07,82.32,217.83,202.04,64.1
7/21/2021,1994.29,32135.1,90.76,82.29,221.04,203.69,64.92
7/22/2021,2022.89,32290.3,90.96,82.33,218.8,204.2,65
7/23/2021,2125.75,33521.4,90.9,82.33,220.18,206.36,65.07
7/24/2021,2186.25,34252.6,N/A,N/A,N/A,N/A,N/A
7/25/2021,2190.73,35428.2,N/A,N/A,N/A,N/A,N/A
7/26/2021,2228.26,37262.7,90.85,82.33,220.64,206.83,64.8
7/27/2021,2294.17,39488.7,91.07,82.35,219,205.76,64.23
7/28/2021,2299.27,40035.1,91.17,82.39,220.98,205.83,64.92
7/29/2021,2380.69,40033.5,90.98,82.35,222.78,206.61,65.32
7/30/2021,2468.77,42137.4,91.12,82.39,221.95,205.48,64.94
7/31/2021,2540.12,41697.2,N/A,N/A,N/A,N/A,N/A
8/1/2021,2569.57,39865.4,N/A,N/A,N/A,N/A,N/A
8/2/2021,2608.12,39149.5,91.29,82.38,221.06,204.99,65.21
8/3/2021,2508.31,38191.4,91.32,82.4,222.31,206.66,65.64
8/4/2021,2725.87,39729.5,91.25,82.35,220.17,205.76,65.58
8/5/2021,2825.27,40888.7,90.99,82.26,222.92,207.16,65.77
8/6/2021,2893.32,42869.5,90.57,82.18,223.58,207.35,65.46
8/7/2021,3168.69,44699.6,N/A,N/A,N/A,N/A,N/A
8/8/2021,3014.13,43765.1,N/A,N/A,N/A,N/A,N/A
8/9/2021,3162.34,46339.9,90.39,82.13,222.62,207.31,65.47
8/10/2021,3141.32,45586.5,90.24,82.07,223.12,207.29,65.59
8/11/2021,3163.34,45553.4,90.35,82.13,224.66,207.72,65.99
8/12/2021,3047.21,44461.4,90.32,82.11,224.17,208.39,65.77
8/13/2021,3324.51,47837.4,90.66,82.17,223.32,208.76,65.99
8/14/2021,3269.24,47113.6,N/A,N/A,N/A,N/A,N/A
8/15/2021,3309.56,47050.2,N/A,N/A,N/A,N/A,N/A
8/16/2021,3149.28,45874.7,90.83,82.23,221.82,209.11,65.55
8/17/2021,3006.13,44671.5,90.74,82.19,218.99,207.77,64.75
8/18/2021,3029.84,44837.6,90.65,82.15,217.19,205.57,64.62
8/19/2021,3184.21,46765.8,90.81,82.15,215.1,205.77,63.86
8/20/2021,3286.58,49296.4,90.72,82.16,217.95,207.47,64.03
8/21/2021,3229.79,48990.9,N/A,N/A,N/A,N/A,N/A
8/22/2021,3244.01,49284.6,N/A,N/A,N/A,N/A,N/A
8/23/2021,3323.12,49506.5,90.81,82.18,220.91,209.34,64.72
8/24/2021,3168.32,47667.3,90.62,82.16,223.2,209.81,65.31
8/25/2021,3228.51,48987.3,90.4,82.14,224.45,210.25,65.37
8/26/2021,3110.39,47071.4,90.38,82.13,222.37,209.08,64.93
8/27/2021,3266.6,49077.5,90.66,82.21,227.33,210.87,65.64
8/28/2021,3242.47,48889.9,N/A,N/A,N/A,N/A,N/A
8/29/2021,3233.74,48919.3,N/A,N/A,N/A,N/A,N/A
8/30/2021,3229.01,46993.7,90.78,82.26,226.78,211.84,65.66
8/31/2021,3444.39,47261.2,90.74,82.26,226.31,211.49,65.89
9/1/2021,3817.15,48839.8,90.57,82.18,227.67,211.66,66.47
9/2/2021,3793.16,49338.3,90.68,82.19,229.42,212.27,66.65
9/3/2021,3940.06,50025,90.57,82.18,228.78,212.29,67
9/4/2021,3887.53,49960.7,N/A,N/A,N/A,N/A,N/A
9/5/2021,3951.43,51751.5,N/A,N/A,N/A,N/A,N/A
9/6/2021,3928.89,52656.2,N/A,N/A,N/A,N/A,N/A
9/7/2021,3436.96,46894.5,90.25,82.11,226.84,211.52,66.98
9/8/2021,3481.72,46073.5,90.45,82.14,225.24,211.1,66.3
9/9/2021,3419.93,46300,90.65,82.17,224.79,210.35,66.24
9/10/2021,3209.82,44851.4,90.5,82.15,222.74,208.73,66.12
9/11/2021,3266.97,45171.8,N/A,N/A,N/A,N/A,N/A
9/12/2021,3403.75,46016.1,N/A,N/A,N/A,N/A,N/A
9/13/2021,3291.77,45005.2,90.53,82.16,223.69,209.06,66.55
9/14/2021,3421.45,47039.2,90.75,82.18,221.56,207.94,66.21
9/15/2021,3615.13,48130.2,90.67,82.18,224.04,209.69,66.37
9/16/2021,3568.62,47801.5,90.45,82.13,223.99,209.48,66.05
9/17/2021,3397.24,47235,90.28,82.09,223.08,207.63,65.34
9/18/2021,3429.25,48213.7,N/A,N/A,N/A,N/A,N/A
9/19/2021,3323,47255.9,N/A,N/A,N/A,N/A,N/A
9/20/2021,2977.31,43012.9,90.54,82.13,219.07,203.96,63.62
9/21/2021,2759.55,40683,90.52,82.15,218.96,204.04,64.19
9/22/2021,3078.72,43575.1,90.55,82.06,222.17,205.9,64.7
9/23/2021,3153.49,44879.6,90.04,82,225.62,208.38,65.35
9/24/2021,2930.61,42840.7,89.87,81.95,224.36,208.02,64.73
9/25/2021,2924.53,42705.5,N/A,N/A,N/A,N/A,N/A
9/26/2021,3064.64,43228.5,N/A,N/A,N/A,N/A,N/A
9/27/2021,2927.15,42171.7,89.7,81.93,226.26,207.33,64.83
9/28/2021,2807.19,41049,89.41,81.9,222.03,202.88,63.58
9/29/2021,2848.28,41522.1,89.42,81.94,221.84,203.08,63.31
9/30/2021,3000.45,43824.4,89.44,81.94,218.67,200.92,63.26
10/1/2021,3306.19,48159.5,89.66,81.98,222.08,203.23,63.44
10/2/2021,3387.63,47662.4,N/A,N/A,N/A,N/A,N/A
10/3/2021,3419.25,48174.3,N/A,N/A,N/A,N/A,N/A
10/4/2021,3384.51,49178.3,89.59,81.93,220.33,200.26,62.78
10/5/2021,3515.3,51487.9,89.4,81.88,220.93,202.52,63.16
10/6/2021,3575.85,55344.5,89.37,81.86,220.59,203.54,62.79
10/7/2021,3588.51,53775,89.07,81.81,223.57,205.36,63.51
10/8/2021,3563.84,53963.8,88.89,81.76,222.26,204.86,63.59
10/9/2021,3575.83,55074.1,N/A,N/A,N/A,N/A,N/A
10/10/2021,3415.51,54690.5,N/A,N/A,N/A,N/A,N/A
10/11/2021,3542.37,57487.4,88.69,81.66,221.13,203.39,63.4
10/12/2021,3490.61,56007.4,88.99,81.72,222.2,203.09,63.36
10/13/2021,3597.42,57376.6,89.1,81.69,223.25,203.99,64.08
10/14/2021,3791.85,57359.5,89.3,81.72,226.98,207.5,64.62
10/15/2021,3868.44,61691.2,88.98,81.62,226.66,209.04,65.18
10/16/2021,3832.25,60883.8,N/A,N/A,N/A,N/A,N/A
10/17/2021,3847.18,61571.8,N/A,N/A,N/A,N/A,N/A
10/18/2021,3742.11,61986.7,88.81,81.52,227.01,209.81,64.98
10/19/2021,3876.6,64300,88.58,81.55,227.88,211.35,65.5
10/20/2021,4160.43,66017.7,88.55,81.57,229.52,212.19,65.67
10/21/2021,4053.9,62210.8,88.34,81.4,230.17,212.86,65.28
10/22/2021,3972.3,60687.6,88.48,81.41,230.18,212.39,65.48
10/23/2021,4165.6,61284.9,N/A,N/A,N/A,N/A,N/A
10/24/2021,4082.64,60838.8,N/A,N/A,N/A,N/A,N/A
10/25/2021,4216.2,62996.6,88.6,81.5,231.83,213.53,65.55
10/26/2021,4131.47,60437.1,88.72,81.46,230.18,213.72,65.5
10/27/2021,3925.44,58455.4,88.99,81.48,226.09,212.42,65.15
10/28/2021,4288.26,60608.1,88.85,81.46,229.91,214.63,65.63
10/29/2021,4415.04,62258,88.84,81.44,229.49,215.1,65.08
10/30/2021,4325.43,61892.4,N/A,N/A,N/A,N/A,N/A
10/31/2021,4292.06,61343.6,N/A,N/A,N/A,N/A,N/A
